
 /----------------------------------------------------------------------------\
 |                                                                            |
 |  yosys -- Yosys Open SYnthesis Suite                                       |
 |                                                                            |
 |  Copyright (C) 2012 - 2019  Clifford Wolf <clifford@clifford.at>           |
 |                                                                            |
 |  Permission to use, copy, modify, and/or distribute this software for any  |
 |  purpose with or without fee is hereby granted, provided that the above    |
 |  copyright notice and this permission notice appear in all copies.         |
 |                                                                            |
 |  THE SOFTWARE IS PROVIDED "AS IS" AND THE AUTHOR DISCLAIMS ALL WARRANTIES  |
 |  WITH REGARD TO THIS SOFTWARE INCLUDING ALL IMPLIED WARRANTIES OF          |
 |  MERCHANTABILITY AND FITNESS. IN NO EVENT SHALL THE AUTHOR BE LIABLE FOR   |
 |  ANY SPECIAL, DIRECT, INDIRECT, OR CONSEQUENTIAL DAMAGES OR ANY DAMAGES    |
 |  WHATSOEVER RESULTING FROM LOSS OF USE, DATA OR PROFITS, WHETHER IN AN     |
 |  ACTION OF CONTRACT, NEGLIGENCE OR OTHER TORTIOUS ACTION, ARISING OUT OF   |
 |  OR IN CONNECTION WITH THE USE OR PERFORMANCE OF THIS SOFTWARE.            |
 |                                                                            |
 \----------------------------------------------------------------------------/

 Yosys 0.9 (git sha1 1979e0b)


-- Executing script file `run_synth.ys' --

1. Executing Verilog-2005 frontend: ../rtl/axi_crc_top.v
Parsing SystemVerilog input from `../rtl/axi_crc_top.v' to AST representation.
Generating RTLIL representation for module `\axi_crc_top'.
Successfully finished Verilog frontend.

2. Executing Verilog-2005 frontend: ../rtl/axi_lite_slave.v
Parsing SystemVerilog input from `../rtl/axi_lite_slave.v' to AST representation.
Generating RTLIL representation for module `\axi_lite_slave'.
Successfully finished Verilog frontend.

3. Executing Verilog-2005 frontend: ../rtl/crc_engine.v
Parsing SystemVerilog input from `../rtl/crc_engine.v' to AST representation.
Generating RTLIL representation for module `\crc_engine'.
Successfully finished Verilog frontend.

4. Executing HIERARCHY pass (managing design hierarchy).

4.1. Analyzing design hierarchy..
Top module:  \axi_crc_top
Used module:     \crc_engine
Used module:     \axi_lite_slave

4.2. Executing AST frontend in derive mode using pre-parsed AST for module `\crc_engine'.
Parameter \ADDR_WIDTH = 8
Parameter \DATA_WIDTH = 32
Generating RTLIL representation for module `$paramod\crc_engine\ADDR_WIDTH=8\DATA_WIDTH=32'.

4.3. Executing AST frontend in derive mode using pre-parsed AST for module `\axi_lite_slave'.
Parameter \ADDR_WIDTH = 8
Parameter \DATA_WIDTH = 32
Generating RTLIL representation for module `$paramod\axi_lite_slave\ADDR_WIDTH=8\DATA_WIDTH=32'.

4.4. Analyzing design hierarchy..
Top module:  \axi_crc_top
Used module:     $paramod\crc_engine\ADDR_WIDTH=8\DATA_WIDTH=32
Used module:     $paramod\axi_lite_slave\ADDR_WIDTH=8\DATA_WIDTH=32

4.5. Analyzing design hierarchy..
Top module:  \axi_crc_top
Used module:     $paramod\crc_engine\ADDR_WIDTH=8\DATA_WIDTH=32
Used module:     $paramod\axi_lite_slave\ADDR_WIDTH=8\DATA_WIDTH=32
Removing unused module `\crc_engine'.
Removing unused module `\axi_lite_slave'.
Removed 2 unused modules.

5. Executing SYNTH pass.

5.1. Executing HIERARCHY pass (managing design hierarchy).

5.1.1. Analyzing design hierarchy..
Top module:  \axi_crc_top
Used module:     $paramod\crc_engine\ADDR_WIDTH=8\DATA_WIDTH=32
Used module:     $paramod\axi_lite_slave\ADDR_WIDTH=8\DATA_WIDTH=32

5.1.2. Analyzing design hierarchy..
Top module:  \axi_crc_top
Used module:     $paramod\crc_engine\ADDR_WIDTH=8\DATA_WIDTH=32
Used module:     $paramod\axi_lite_slave\ADDR_WIDTH=8\DATA_WIDTH=32
Removed 0 unused modules.

5.2. Executing PROC pass (convert processes to netlists).

5.2.1. Executing PROC_CLEAN pass (remove empty switches from decision trees).
Cleaned up 0 empty switches.

5.2.2. Executing PROC_RMDEAD pass (remove dead branches from decision trees).
Marked 3 switch rules as full_case in process $proc$../rtl/axi_lite_slave.v:173$1795 in module $paramod\axi_lite_slave\ADDR_WIDTH=8\DATA_WIDTH=32.
Marked 2 switch rules as full_case in process $proc$../rtl/axi_lite_slave.v:154$1791 in module $paramod\axi_lite_slave\ADDR_WIDTH=8\DATA_WIDTH=32.
Marked 2 switch rules as full_case in process $proc$../rtl/axi_lite_slave.v:141$1789 in module $paramod\axi_lite_slave\ADDR_WIDTH=8\DATA_WIDTH=32.
Marked 3 switch rules as full_case in process $proc$../rtl/axi_lite_slave.v:121$1786 in module $paramod\axi_lite_slave\ADDR_WIDTH=8\DATA_WIDTH=32.
Marked 2 switch rules as full_case in process $proc$../rtl/axi_lite_slave.v:111$1782 in module $paramod\axi_lite_slave\ADDR_WIDTH=8\DATA_WIDTH=32.
Marked 9 switch rules as full_case in process $proc$../rtl/axi_lite_slave.v:58$1771 in module $paramod\axi_lite_slave\ADDR_WIDTH=8\DATA_WIDTH=32.
Removed a total of 0 dead cases.

5.2.3. Executing PROC_INIT pass (extract init attributes).

5.2.4. Executing PROC_ARST pass (detect async resets in processes).
Found async reset \ARESETn in `$paramod\axi_lite_slave\ADDR_WIDTH=8\DATA_WIDTH=32.$proc$../rtl/axi_lite_slave.v:173$1795'.
Found async reset \ARESETn in `$paramod\axi_lite_slave\ADDR_WIDTH=8\DATA_WIDTH=32.$proc$../rtl/axi_lite_slave.v:154$1791'.
Found async reset \ARESETn in `$paramod\axi_lite_slave\ADDR_WIDTH=8\DATA_WIDTH=32.$proc$../rtl/axi_lite_slave.v:141$1789'.
Found async reset \ARESETn in `$paramod\axi_lite_slave\ADDR_WIDTH=8\DATA_WIDTH=32.$proc$../rtl/axi_lite_slave.v:121$1786'.
Found async reset \ARESETn in `$paramod\axi_lite_slave\ADDR_WIDTH=8\DATA_WIDTH=32.$proc$../rtl/axi_lite_slave.v:111$1782'.
Found async reset \ARESETn in `$paramod\axi_lite_slave\ADDR_WIDTH=8\DATA_WIDTH=32.$proc$../rtl/axi_lite_slave.v:58$1771'.

5.2.5. Executing PROC_MUX pass (convert decision trees to multiplexers).
Creating decoders for process `$paramod\axi_lite_slave\ADDR_WIDTH=8\DATA_WIDTH=32.$proc$../rtl/axi_lite_slave.v:173$1795'.
     1/3: $0\s_rresp[1:0]
     2/3: $0\s_rdata[31:0]
     3/3: $0\s_rvalid[0:0]
Creating decoders for process `$paramod\axi_lite_slave\ADDR_WIDTH=8\DATA_WIDTH=32.$proc$../rtl/axi_lite_slave.v:154$1791'.
     1/3: $0\re_en[0:0]
     2/3: $0\reg_raddr[7:0]
     3/3: $0\s_arready[0:0]
Creating decoders for process `$paramod\axi_lite_slave\ADDR_WIDTH=8\DATA_WIDTH=32.$proc$../rtl/axi_lite_slave.v:141$1789'.
     1/1: $0\reg_crc_result[31:0]
Creating decoders for process `$paramod\axi_lite_slave\ADDR_WIDTH=8\DATA_WIDTH=32.$proc$../rtl/axi_lite_slave.v:121$1786'.
     1/2: $0\s_bvalid[0:0]
     2/2: $0\s_bresp[1:0]
Creating decoders for process `$paramod\axi_lite_slave\ADDR_WIDTH=8\DATA_WIDTH=32.$proc$../rtl/axi_lite_slave.v:111$1782'.
     1/1: $0\crc_en[0:0]
Creating decoders for process `$paramod\axi_lite_slave\ADDR_WIDTH=8\DATA_WIDTH=32.$proc$../rtl/axi_lite_slave.v:58$1771'.
     1/7: $0\reg_crc_initial[31:0]
     2/7: $0\reg_crc_data[31:0]
     3/7: $0\reg_waddr[7:0]
     4/7: $0\w_receive[0:0]
     5/7: $0\aw_receive[0:0]
     6/7: $0\s_awready[0:0]
     7/7: $0\s_wready[0:0]

5.2.6. Executing PROC_DLATCH pass (convert process syncs to latches).

5.2.7. Executing PROC_DFF pass (convert process syncs to FFs).
Creating register for signal `$paramod\axi_lite_slave\ADDR_WIDTH=8\DATA_WIDTH=32.\s_rvalid' using process `$paramod\axi_lite_slave\ADDR_WIDTH=8\DATA_WIDTH=32.$proc$../rtl/axi_lite_slave.v:173$1795'.
  created $adff cell `$procdff$1908' with positive edge clock and negative level reset.
Creating register for signal `$paramod\axi_lite_slave\ADDR_WIDTH=8\DATA_WIDTH=32.\s_rdata' using process `$paramod\axi_lite_slave\ADDR_WIDTH=8\DATA_WIDTH=32.$proc$../rtl/axi_lite_slave.v:173$1795'.
  created $dff cell `$procdff$1909' with positive edge clock.
Creating register for signal `$paramod\axi_lite_slave\ADDR_WIDTH=8\DATA_WIDTH=32.\s_rresp' using process `$paramod\axi_lite_slave\ADDR_WIDTH=8\DATA_WIDTH=32.$proc$../rtl/axi_lite_slave.v:173$1795'.
  created $adff cell `$procdff$1910' with positive edge clock and negative level reset.
Creating register for signal `$paramod\axi_lite_slave\ADDR_WIDTH=8\DATA_WIDTH=32.\s_arready' using process `$paramod\axi_lite_slave\ADDR_WIDTH=8\DATA_WIDTH=32.$proc$../rtl/axi_lite_slave.v:154$1791'.
  created $adff cell `$procdff$1911' with positive edge clock and negative level reset.
Creating register for signal `$paramod\axi_lite_slave\ADDR_WIDTH=8\DATA_WIDTH=32.\reg_raddr' using process `$paramod\axi_lite_slave\ADDR_WIDTH=8\DATA_WIDTH=32.$proc$../rtl/axi_lite_slave.v:154$1791'.
  created $adff cell `$procdff$1912' with positive edge clock and negative level reset.
Creating register for signal `$paramod\axi_lite_slave\ADDR_WIDTH=8\DATA_WIDTH=32.\re_en' using process `$paramod\axi_lite_slave\ADDR_WIDTH=8\DATA_WIDTH=32.$proc$../rtl/axi_lite_slave.v:154$1791'.
  created $dff cell `$procdff$1913' with positive edge clock.
Creating register for signal `$paramod\axi_lite_slave\ADDR_WIDTH=8\DATA_WIDTH=32.\reg_crc_result' using process `$paramod\axi_lite_slave\ADDR_WIDTH=8\DATA_WIDTH=32.$proc$../rtl/axi_lite_slave.v:141$1789'.
  created $adff cell `$procdff$1914' with positive edge clock and negative level reset.
Creating register for signal `$paramod\axi_lite_slave\ADDR_WIDTH=8\DATA_WIDTH=32.\s_bresp' using process `$paramod\axi_lite_slave\ADDR_WIDTH=8\DATA_WIDTH=32.$proc$../rtl/axi_lite_slave.v:121$1786'.
  created $adff cell `$procdff$1915' with positive edge clock and negative level reset.
Creating register for signal `$paramod\axi_lite_slave\ADDR_WIDTH=8\DATA_WIDTH=32.\s_bvalid' using process `$paramod\axi_lite_slave\ADDR_WIDTH=8\DATA_WIDTH=32.$proc$../rtl/axi_lite_slave.v:121$1786'.
  created $adff cell `$procdff$1916' with positive edge clock and negative level reset.
Creating register for signal `$paramod\axi_lite_slave\ADDR_WIDTH=8\DATA_WIDTH=32.\crc_en' using process `$paramod\axi_lite_slave\ADDR_WIDTH=8\DATA_WIDTH=32.$proc$../rtl/axi_lite_slave.v:111$1782'.
  created $adff cell `$procdff$1917' with positive edge clock and negative level reset.
Creating register for signal `$paramod\axi_lite_slave\ADDR_WIDTH=8\DATA_WIDTH=32.\s_wready' using process `$paramod\axi_lite_slave\ADDR_WIDTH=8\DATA_WIDTH=32.$proc$../rtl/axi_lite_slave.v:58$1771'.
  created $adff cell `$procdff$1918' with positive edge clock and negative level reset.
Creating register for signal `$paramod\axi_lite_slave\ADDR_WIDTH=8\DATA_WIDTH=32.\s_awready' using process `$paramod\axi_lite_slave\ADDR_WIDTH=8\DATA_WIDTH=32.$proc$../rtl/axi_lite_slave.v:58$1771'.
  created $adff cell `$procdff$1919' with positive edge clock and negative level reset.
Creating register for signal `$paramod\axi_lite_slave\ADDR_WIDTH=8\DATA_WIDTH=32.\aw_receive' using process `$paramod\axi_lite_slave\ADDR_WIDTH=8\DATA_WIDTH=32.$proc$../rtl/axi_lite_slave.v:58$1771'.
  created $adff cell `$procdff$1920' with positive edge clock and negative level reset.
Creating register for signal `$paramod\axi_lite_slave\ADDR_WIDTH=8\DATA_WIDTH=32.\w_receive' using process `$paramod\axi_lite_slave\ADDR_WIDTH=8\DATA_WIDTH=32.$proc$../rtl/axi_lite_slave.v:58$1771'.
  created $adff cell `$procdff$1921' with positive edge clock and negative level reset.
Creating register for signal `$paramod\axi_lite_slave\ADDR_WIDTH=8\DATA_WIDTH=32.\reg_waddr' using process `$paramod\axi_lite_slave\ADDR_WIDTH=8\DATA_WIDTH=32.$proc$../rtl/axi_lite_slave.v:58$1771'.
  created $adff cell `$procdff$1922' with positive edge clock and negative level reset.
Creating register for signal `$paramod\axi_lite_slave\ADDR_WIDTH=8\DATA_WIDTH=32.\reg_crc_data' using process `$paramod\axi_lite_slave\ADDR_WIDTH=8\DATA_WIDTH=32.$proc$../rtl/axi_lite_slave.v:58$1771'.
  created $dff cell `$procdff$1923' with positive edge clock.
Creating register for signal `$paramod\axi_lite_slave\ADDR_WIDTH=8\DATA_WIDTH=32.\reg_crc_initial' using process `$paramod\axi_lite_slave\ADDR_WIDTH=8\DATA_WIDTH=32.$proc$../rtl/axi_lite_slave.v:58$1771'.
  created $dff cell `$procdff$1924' with positive edge clock.

5.2.8. Executing PROC_CLEAN pass (remove empty switches from decision trees).
Found and cleaned up 3 empty switches in `$paramod\axi_lite_slave\ADDR_WIDTH=8\DATA_WIDTH=32.$proc$../rtl/axi_lite_slave.v:173$1795'.
Removing empty process `$paramod\axi_lite_slave\ADDR_WIDTH=8\DATA_WIDTH=32.$proc$../rtl/axi_lite_slave.v:173$1795'.
Found and cleaned up 1 empty switch in `$paramod\axi_lite_slave\ADDR_WIDTH=8\DATA_WIDTH=32.$proc$../rtl/axi_lite_slave.v:154$1791'.
Removing empty process `$paramod\axi_lite_slave\ADDR_WIDTH=8\DATA_WIDTH=32.$proc$../rtl/axi_lite_slave.v:154$1791'.
Found and cleaned up 1 empty switch in `$paramod\axi_lite_slave\ADDR_WIDTH=8\DATA_WIDTH=32.$proc$../rtl/axi_lite_slave.v:141$1789'.
Removing empty process `$paramod\axi_lite_slave\ADDR_WIDTH=8\DATA_WIDTH=32.$proc$../rtl/axi_lite_slave.v:141$1789'.
Found and cleaned up 3 empty switches in `$paramod\axi_lite_slave\ADDR_WIDTH=8\DATA_WIDTH=32.$proc$../rtl/axi_lite_slave.v:121$1786'.
Removing empty process `$paramod\axi_lite_slave\ADDR_WIDTH=8\DATA_WIDTH=32.$proc$../rtl/axi_lite_slave.v:121$1786'.
Found and cleaned up 1 empty switch in `$paramod\axi_lite_slave\ADDR_WIDTH=8\DATA_WIDTH=32.$proc$../rtl/axi_lite_slave.v:111$1782'.
Removing empty process `$paramod\axi_lite_slave\ADDR_WIDTH=8\DATA_WIDTH=32.$proc$../rtl/axi_lite_slave.v:111$1782'.
Found and cleaned up 8 empty switches in `$paramod\axi_lite_slave\ADDR_WIDTH=8\DATA_WIDTH=32.$proc$../rtl/axi_lite_slave.v:58$1771'.
Removing empty process `$paramod\axi_lite_slave\ADDR_WIDTH=8\DATA_WIDTH=32.$proc$../rtl/axi_lite_slave.v:58$1771'.
Cleaned up 17 empty switches.

5.3. Executing OPT_EXPR pass (perform const folding).
Optimizing module $paramod\axi_lite_slave\ADDR_WIDTH=8\DATA_WIDTH=32.
<suppressed ~5 debug messages>
Optimizing module $paramod\crc_engine\ADDR_WIDTH=8\DATA_WIDTH=32.
Optimizing module axi_crc_top.

5.4. Executing OPT_CLEAN pass (remove unused cells and wires).
Finding unused cells or wires in module $paramod\axi_lite_slave\ADDR_WIDTH=8\DATA_WIDTH=32..
Finding unused cells or wires in module $paramod\crc_engine\ADDR_WIDTH=8\DATA_WIDTH=32..
Finding unused cells or wires in module \axi_crc_top..
Removed 6 unused cells and 83 unused wires.
<suppressed ~8 debug messages>

5.5. Executing CHECK pass (checking for obvious problems).
checking module $paramod\axi_lite_slave\ADDR_WIDTH=8\DATA_WIDTH=32..
checking module $paramod\crc_engine\ADDR_WIDTH=8\DATA_WIDTH=32..
checking module axi_crc_top..
found and reported 0 problems.

5.6. Executing OPT pass (performing simple optimizations).

5.6.1. Executing OPT_EXPR pass (perform const folding).
Optimizing module $paramod\axi_lite_slave\ADDR_WIDTH=8\DATA_WIDTH=32.
Optimizing module $paramod\crc_engine\ADDR_WIDTH=8\DATA_WIDTH=32.
Optimizing module axi_crc_top.

5.6.2. Executing OPT_MERGE pass (detect identical cells).
Finding identical cells in module `$paramod\axi_lite_slave\ADDR_WIDTH=8\DATA_WIDTH=32'.
<suppressed ~24 debug messages>
Finding identical cells in module `$paramod\crc_engine\ADDR_WIDTH=8\DATA_WIDTH=32'.
<suppressed ~99 debug messages>
Finding identical cells in module `\axi_crc_top'.
Removed a total of 41 cells.

5.6.3. Executing OPT_MUXTREE pass (detect dead branches in mux trees).
Running muxtree optimizer on module $paramod\axi_lite_slave\ADDR_WIDTH=8\DATA_WIDTH=32..
  Creating internal representation of mux trees.
  Evaluating internal representation of mux trees.
  Analyzing evaluation results.
Running muxtree optimizer on module $paramod\crc_engine\ADDR_WIDTH=8\DATA_WIDTH=32..
  Creating internal representation of mux trees.
  No muxes found in this module.
Running muxtree optimizer on module \axi_crc_top..
  Creating internal representation of mux trees.
  No muxes found in this module.
Removed 0 multiplexer ports.
<suppressed ~17 debug messages>

5.6.4. Executing OPT_REDUCE pass (consolidate $*mux and $reduce_* inputs).
  Optimizing cells in module $paramod\axi_lite_slave\ADDR_WIDTH=8\DATA_WIDTH=32.
    New ctrl vector for $pmux cell $procmux$1799: $auto$opt_reduce.cc:132:opt_mux$1926
    New ctrl vector for $pmux cell $procmux$1844: $auto$opt_reduce.cc:132:opt_mux$1928
    New input vector for $reduce_or cell $auto$opt_reduce.cc:126:opt_mux$1925: { $procmux$1802_CMP $procmux$1800_CMP $procmux$1801_CMP }
  Optimizing cells in module $paramod\axi_lite_slave\ADDR_WIDTH=8\DATA_WIDTH=32.
  Optimizing cells in module $paramod\crc_engine\ADDR_WIDTH=8\DATA_WIDTH=32.
  Optimizing cells in module \axi_crc_top.
Performed a total of 3 changes.

5.6.5. Executing OPT_MERGE pass (detect identical cells).
Finding identical cells in module `$paramod\axi_lite_slave\ADDR_WIDTH=8\DATA_WIDTH=32'.
<suppressed ~3 debug messages>
Finding identical cells in module `$paramod\crc_engine\ADDR_WIDTH=8\DATA_WIDTH=32'.
Finding identical cells in module `\axi_crc_top'.
Removed a total of 1 cells.

5.6.6. Executing OPT_RMDFF pass (remove dff with constant values).

5.6.7. Executing OPT_CLEAN pass (remove unused cells and wires).
Finding unused cells or wires in module $paramod\axi_lite_slave\ADDR_WIDTH=8\DATA_WIDTH=32..
Finding unused cells or wires in module $paramod\crc_engine\ADDR_WIDTH=8\DATA_WIDTH=32..
Finding unused cells or wires in module \axi_crc_top..
Removed 0 unused cells and 42 unused wires.
<suppressed ~2 debug messages>

5.6.8. Executing OPT_EXPR pass (perform const folding).
Optimizing module $paramod\axi_lite_slave\ADDR_WIDTH=8\DATA_WIDTH=32.
Optimizing module $paramod\crc_engine\ADDR_WIDTH=8\DATA_WIDTH=32.
Optimizing module axi_crc_top.

5.6.9. Rerunning OPT passes. (Maybe there is more to do..)

5.6.10. Executing OPT_MUXTREE pass (detect dead branches in mux trees).
Running muxtree optimizer on module $paramod\axi_lite_slave\ADDR_WIDTH=8\DATA_WIDTH=32..
  Creating internal representation of mux trees.
  Evaluating internal representation of mux trees.
  Analyzing evaluation results.
Running muxtree optimizer on module $paramod\crc_engine\ADDR_WIDTH=8\DATA_WIDTH=32..
  Creating internal representation of mux trees.
  No muxes found in this module.
Running muxtree optimizer on module \axi_crc_top..
  Creating internal representation of mux trees.
  No muxes found in this module.
Removed 0 multiplexer ports.
<suppressed ~16 debug messages>

5.6.11. Executing OPT_REDUCE pass (consolidate $*mux and $reduce_* inputs).
  Optimizing cells in module $paramod\axi_lite_slave\ADDR_WIDTH=8\DATA_WIDTH=32.
  Optimizing cells in module $paramod\crc_engine\ADDR_WIDTH=8\DATA_WIDTH=32.
  Optimizing cells in module \axi_crc_top.
Performed a total of 0 changes.

5.6.12. Executing OPT_MERGE pass (detect identical cells).
Finding identical cells in module `$paramod\axi_lite_slave\ADDR_WIDTH=8\DATA_WIDTH=32'.
Finding identical cells in module `$paramod\crc_engine\ADDR_WIDTH=8\DATA_WIDTH=32'.
Finding identical cells in module `\axi_crc_top'.
Removed a total of 0 cells.

5.6.13. Executing OPT_RMDFF pass (remove dff with constant values).

5.6.14. Executing OPT_CLEAN pass (remove unused cells and wires).
Finding unused cells or wires in module $paramod\axi_lite_slave\ADDR_WIDTH=8\DATA_WIDTH=32..
Finding unused cells or wires in module $paramod\crc_engine\ADDR_WIDTH=8\DATA_WIDTH=32..
Finding unused cells or wires in module \axi_crc_top..

5.6.15. Executing OPT_EXPR pass (perform const folding).
Optimizing module $paramod\axi_lite_slave\ADDR_WIDTH=8\DATA_WIDTH=32.
Optimizing module $paramod\crc_engine\ADDR_WIDTH=8\DATA_WIDTH=32.
Optimizing module axi_crc_top.

5.6.16. Finished OPT passes. (There is nothing left to do.)

5.7. Executing WREDUCE pass (reducing word size of cells).
Removed top 4 bits (of 8) from port B of cell $paramod\axi_lite_slave\ADDR_WIDTH=8\DATA_WIDTH=32.$procmux$1800_CMP0 ($eq).
Removed top 5 bits (of 8) from port B of cell $paramod\axi_lite_slave\ADDR_WIDTH=8\DATA_WIDTH=32.$procmux$1801_CMP0 ($eq).
Removed top 5 bits (of 8) from port B of cell $paramod\axi_lite_slave\ADDR_WIDTH=8\DATA_WIDTH=32.$procmux$1855_CMP0 ($eq).
Removed top 4 bits (of 8) from port B of cell $paramod\axi_lite_slave\ADDR_WIDTH=8\DATA_WIDTH=32.$eq$../rtl/axi_lite_slave.v:66$1773 ($eq).
Removed top 5 bits (of 8) from port B of cell $paramod\axi_lite_slave\ADDR_WIDTH=8\DATA_WIDTH=32.$eq$../rtl/axi_lite_slave.v:114$1784 ($eq).

5.8. Executing PEEPOPT pass (run peephole optimizers).

5.9. Executing OPT_CLEAN pass (remove unused cells and wires).
Finding unused cells or wires in module $paramod\axi_lite_slave\ADDR_WIDTH=8\DATA_WIDTH=32..
Finding unused cells or wires in module $paramod\crc_engine\ADDR_WIDTH=8\DATA_WIDTH=32..
Finding unused cells or wires in module \axi_crc_top..

5.10. Executing TECHMAP pass (map to technology primitives).

5.10.1. Executing Verilog-2005 frontend: /usr/bin/../share/yosys/cmp2lut.v
Parsing Verilog input from `/usr/bin/../share/yosys/cmp2lut.v' to AST representation.
Generating RTLIL representation for module `\_90_lut_cmp_'.
Successfully finished Verilog frontend.

5.10.2. Continuing TECHMAP pass.
No more expansions possible.
<suppressed ~36 debug messages>

5.11. Executing ALUMACC pass (create $alu and $macc cells).
Extracting $alu and $macc cells in module $paramod\axi_lite_slave\ADDR_WIDTH=8\DATA_WIDTH=32:
  created 0 $alu and 0 $macc cells.
Extracting $alu and $macc cells in module $paramod\crc_engine\ADDR_WIDTH=8\DATA_WIDTH=32:
  created 0 $alu and 0 $macc cells.
Extracting $alu and $macc cells in module axi_crc_top:
  created 0 $alu and 0 $macc cells.

5.12. Executing SHARE pass (SAT-based resource sharing).

5.13. Executing OPT pass (performing simple optimizations).

5.13.1. Executing OPT_EXPR pass (perform const folding).
Optimizing module $paramod\axi_lite_slave\ADDR_WIDTH=8\DATA_WIDTH=32.
Optimizing module $paramod\crc_engine\ADDR_WIDTH=8\DATA_WIDTH=32.
Optimizing module axi_crc_top.

5.13.2. Executing OPT_MERGE pass (detect identical cells).
Finding identical cells in module `$paramod\axi_lite_slave\ADDR_WIDTH=8\DATA_WIDTH=32'.
Finding identical cells in module `$paramod\crc_engine\ADDR_WIDTH=8\DATA_WIDTH=32'.
Finding identical cells in module `\axi_crc_top'.
Removed a total of 0 cells.

5.13.3. Executing OPT_MUXTREE pass (detect dead branches in mux trees).
Running muxtree optimizer on module $paramod\axi_lite_slave\ADDR_WIDTH=8\DATA_WIDTH=32..
  Creating internal representation of mux trees.
  Evaluating internal representation of mux trees.
  Analyzing evaluation results.
Running muxtree optimizer on module $paramod\crc_engine\ADDR_WIDTH=8\DATA_WIDTH=32..
  Creating internal representation of mux trees.
  No muxes found in this module.
Running muxtree optimizer on module \axi_crc_top..
  Creating internal representation of mux trees.
  No muxes found in this module.
Removed 0 multiplexer ports.
<suppressed ~16 debug messages>

5.13.4. Executing OPT_REDUCE pass (consolidate $*mux and $reduce_* inputs).
  Optimizing cells in module $paramod\axi_lite_slave\ADDR_WIDTH=8\DATA_WIDTH=32.
  Optimizing cells in module $paramod\crc_engine\ADDR_WIDTH=8\DATA_WIDTH=32.
  Optimizing cells in module \axi_crc_top.
Performed a total of 0 changes.

5.13.5. Executing OPT_MERGE pass (detect identical cells).
Finding identical cells in module `$paramod\axi_lite_slave\ADDR_WIDTH=8\DATA_WIDTH=32'.
Finding identical cells in module `$paramod\crc_engine\ADDR_WIDTH=8\DATA_WIDTH=32'.
Finding identical cells in module `\axi_crc_top'.
Removed a total of 0 cells.

5.13.6. Executing OPT_RMDFF pass (remove dff with constant values).

5.13.7. Executing OPT_CLEAN pass (remove unused cells and wires).
Finding unused cells or wires in module $paramod\axi_lite_slave\ADDR_WIDTH=8\DATA_WIDTH=32..
Finding unused cells or wires in module $paramod\crc_engine\ADDR_WIDTH=8\DATA_WIDTH=32..
Finding unused cells or wires in module \axi_crc_top..

5.13.8. Executing OPT_EXPR pass (perform const folding).
Optimizing module $paramod\axi_lite_slave\ADDR_WIDTH=8\DATA_WIDTH=32.
Optimizing module $paramod\crc_engine\ADDR_WIDTH=8\DATA_WIDTH=32.
Optimizing module axi_crc_top.

5.13.9. Finished OPT passes. (There is nothing left to do.)

5.14. Executing FSM pass (extract and optimize FSM).

5.14.1. Executing FSM_DETECT pass (finding FSMs in design).
Not marking $paramod\axi_lite_slave\ADDR_WIDTH=8\DATA_WIDTH=32.s_bresp as FSM state register:
    Register is connected to module port.
    Users of register don't seem to benefit from recoding.
Not marking $paramod\axi_lite_slave\ADDR_WIDTH=8\DATA_WIDTH=32.s_rresp as FSM state register:
    Register is connected to module port.
    Users of register don't seem to benefit from recoding.

5.14.2. Executing FSM_EXTRACT pass (extracting FSM from design).

5.14.3. Executing FSM_OPT pass (simple optimizations of FSMs).

5.14.4. Executing OPT_CLEAN pass (remove unused cells and wires).
Finding unused cells or wires in module $paramod\axi_lite_slave\ADDR_WIDTH=8\DATA_WIDTH=32..
Finding unused cells or wires in module $paramod\crc_engine\ADDR_WIDTH=8\DATA_WIDTH=32..
Finding unused cells or wires in module \axi_crc_top..

5.14.5. Executing FSM_OPT pass (simple optimizations of FSMs).

5.14.6. Executing FSM_RECODE pass (re-assigning FSM state encoding).

5.14.7. Executing FSM_INFO pass (dumping all available information on FSM cells).

5.14.8. Executing FSM_MAP pass (mapping FSMs to basic logic).

5.15. Executing OPT pass (performing simple optimizations).

5.15.1. Executing OPT_EXPR pass (perform const folding).
Optimizing module $paramod\axi_lite_slave\ADDR_WIDTH=8\DATA_WIDTH=32.
Optimizing module $paramod\crc_engine\ADDR_WIDTH=8\DATA_WIDTH=32.
Optimizing module axi_crc_top.

5.15.2. Executing OPT_MERGE pass (detect identical cells).
Finding identical cells in module `$paramod\axi_lite_slave\ADDR_WIDTH=8\DATA_WIDTH=32'.
Finding identical cells in module `$paramod\crc_engine\ADDR_WIDTH=8\DATA_WIDTH=32'.
Finding identical cells in module `\axi_crc_top'.
Removed a total of 0 cells.

5.15.3. Executing OPT_RMDFF pass (remove dff with constant values).

5.15.4. Executing OPT_CLEAN pass (remove unused cells and wires).
Finding unused cells or wires in module $paramod\axi_lite_slave\ADDR_WIDTH=8\DATA_WIDTH=32..
Finding unused cells or wires in module $paramod\crc_engine\ADDR_WIDTH=8\DATA_WIDTH=32..
Finding unused cells or wires in module \axi_crc_top..

5.15.5. Finished fast OPT passes.

5.16. Executing MEMORY pass.

5.16.1. Executing MEMORY_DFF pass (merging $dff cells to $memrd and $memwr).

5.16.2. Executing OPT_CLEAN pass (remove unused cells and wires).
Finding unused cells or wires in module $paramod\axi_lite_slave\ADDR_WIDTH=8\DATA_WIDTH=32..
Finding unused cells or wires in module $paramod\crc_engine\ADDR_WIDTH=8\DATA_WIDTH=32..
Finding unused cells or wires in module \axi_crc_top..

5.16.3. Executing MEMORY_SHARE pass (consolidating $memrd/$memwr cells).

5.16.4. Executing OPT_CLEAN pass (remove unused cells and wires).
Finding unused cells or wires in module $paramod\axi_lite_slave\ADDR_WIDTH=8\DATA_WIDTH=32..
Finding unused cells or wires in module $paramod\crc_engine\ADDR_WIDTH=8\DATA_WIDTH=32..
Finding unused cells or wires in module \axi_crc_top..

5.16.5. Executing MEMORY_COLLECT pass (generating $mem cells).

5.17. Executing OPT_CLEAN pass (remove unused cells and wires).
Finding unused cells or wires in module $paramod\axi_lite_slave\ADDR_WIDTH=8\DATA_WIDTH=32..
Finding unused cells or wires in module $paramod\crc_engine\ADDR_WIDTH=8\DATA_WIDTH=32..
Finding unused cells or wires in module \axi_crc_top..

5.18. Executing OPT pass (performing simple optimizations).

5.18.1. Executing OPT_EXPR pass (perform const folding).
Optimizing module $paramod\axi_lite_slave\ADDR_WIDTH=8\DATA_WIDTH=32.
<suppressed ~8 debug messages>
Optimizing module $paramod\crc_engine\ADDR_WIDTH=8\DATA_WIDTH=32.
Optimizing module axi_crc_top.

5.18.2. Executing OPT_MERGE pass (detect identical cells).
Finding identical cells in module `$paramod\axi_lite_slave\ADDR_WIDTH=8\DATA_WIDTH=32'.
Finding identical cells in module `$paramod\crc_engine\ADDR_WIDTH=8\DATA_WIDTH=32'.
Finding identical cells in module `\axi_crc_top'.
Removed a total of 0 cells.

5.18.3. Executing OPT_RMDFF pass (remove dff with constant values).

5.18.4. Executing OPT_CLEAN pass (remove unused cells and wires).
Finding unused cells or wires in module $paramod\axi_lite_slave\ADDR_WIDTH=8\DATA_WIDTH=32..
Finding unused cells or wires in module $paramod\crc_engine\ADDR_WIDTH=8\DATA_WIDTH=32..
Finding unused cells or wires in module \axi_crc_top..
Removed 0 unused cells and 3 unused wires.
<suppressed ~1 debug messages>

5.18.5. Finished fast OPT passes.

5.19. Executing MEMORY_MAP pass (converting $mem cells to logic and flip-flops).

5.20. Executing OPT pass (performing simple optimizations).

5.20.1. Executing OPT_EXPR pass (perform const folding).
Optimizing module $paramod\axi_lite_slave\ADDR_WIDTH=8\DATA_WIDTH=32.
Optimizing module $paramod\crc_engine\ADDR_WIDTH=8\DATA_WIDTH=32.
Optimizing module axi_crc_top.

5.20.2. Executing OPT_MERGE pass (detect identical cells).
Finding identical cells in module `$paramod\axi_lite_slave\ADDR_WIDTH=8\DATA_WIDTH=32'.
Finding identical cells in module `$paramod\crc_engine\ADDR_WIDTH=8\DATA_WIDTH=32'.
Finding identical cells in module `\axi_crc_top'.
Removed a total of 0 cells.

5.20.3. Executing OPT_MUXTREE pass (detect dead branches in mux trees).
Running muxtree optimizer on module $paramod\axi_lite_slave\ADDR_WIDTH=8\DATA_WIDTH=32..
  Creating internal representation of mux trees.
  Evaluating internal representation of mux trees.
  Analyzing evaluation results.
Running muxtree optimizer on module $paramod\crc_engine\ADDR_WIDTH=8\DATA_WIDTH=32..
  Creating internal representation of mux trees.
  No muxes found in this module.
Running muxtree optimizer on module \axi_crc_top..
  Creating internal representation of mux trees.
  No muxes found in this module.
Removed 0 multiplexer ports.
<suppressed ~16 debug messages>

5.20.4. Executing OPT_REDUCE pass (consolidate $*mux and $reduce_* inputs).
  Optimizing cells in module $paramod\axi_lite_slave\ADDR_WIDTH=8\DATA_WIDTH=32.
    Consolidated identical input bits for $mux cell $procmux$1799:
      Old ports: A=2'10, B=2'00, Y=$procmux$1799_Y
      New ports: A=1'1, B=1'0, Y=$procmux$1799_Y [1]
      New connections: $procmux$1799_Y [0] = 1'0
    Consolidated identical input bits for $mux cell $procmux$1844:
      Old ports: A=2'10, B=2'00, Y=$procmux$1844_Y
      New ports: A=1'1, B=1'0, Y=$procmux$1844_Y [1]
      New connections: $procmux$1844_Y [0] = 1'0
  Optimizing cells in module $paramod\axi_lite_slave\ADDR_WIDTH=8\DATA_WIDTH=32.
  Optimizing cells in module $paramod\crc_engine\ADDR_WIDTH=8\DATA_WIDTH=32.
  Optimizing cells in module \axi_crc_top.
Performed a total of 2 changes.

5.20.5. Executing OPT_MERGE pass (detect identical cells).
Finding identical cells in module `$paramod\axi_lite_slave\ADDR_WIDTH=8\DATA_WIDTH=32'.
Finding identical cells in module `$paramod\crc_engine\ADDR_WIDTH=8\DATA_WIDTH=32'.
Finding identical cells in module `\axi_crc_top'.
Removed a total of 0 cells.

5.20.6. Executing OPT_RMDFF pass (remove dff with constant values).

5.20.7. Executing OPT_CLEAN pass (remove unused cells and wires).
Finding unused cells or wires in module $paramod\axi_lite_slave\ADDR_WIDTH=8\DATA_WIDTH=32..
Finding unused cells or wires in module $paramod\crc_engine\ADDR_WIDTH=8\DATA_WIDTH=32..
Finding unused cells or wires in module \axi_crc_top..

5.20.8. Executing OPT_EXPR pass (perform const folding).
Optimizing module $paramod\axi_lite_slave\ADDR_WIDTH=8\DATA_WIDTH=32.
<suppressed ~2 debug messages>
Optimizing module $paramod\crc_engine\ADDR_WIDTH=8\DATA_WIDTH=32.
Optimizing module axi_crc_top.

5.20.9. Rerunning OPT passes. (Maybe there is more to do..)

5.20.10. Executing OPT_MUXTREE pass (detect dead branches in mux trees).
Running muxtree optimizer on module $paramod\axi_lite_slave\ADDR_WIDTH=8\DATA_WIDTH=32..
  Creating internal representation of mux trees.
  Evaluating internal representation of mux trees.
  Analyzing evaluation results.
Running muxtree optimizer on module $paramod\crc_engine\ADDR_WIDTH=8\DATA_WIDTH=32..
  Creating internal representation of mux trees.
  No muxes found in this module.
Running muxtree optimizer on module \axi_crc_top..
  Creating internal representation of mux trees.
  No muxes found in this module.
Removed 0 multiplexer ports.
<suppressed ~16 debug messages>

5.20.11. Executing OPT_REDUCE pass (consolidate $*mux and $reduce_* inputs).
  Optimizing cells in module $paramod\axi_lite_slave\ADDR_WIDTH=8\DATA_WIDTH=32.
  Optimizing cells in module $paramod\crc_engine\ADDR_WIDTH=8\DATA_WIDTH=32.
  Optimizing cells in module \axi_crc_top.
Performed a total of 0 changes.

5.20.12. Executing OPT_MERGE pass (detect identical cells).
Finding identical cells in module `$paramod\axi_lite_slave\ADDR_WIDTH=8\DATA_WIDTH=32'.
Finding identical cells in module `$paramod\crc_engine\ADDR_WIDTH=8\DATA_WIDTH=32'.
Finding identical cells in module `\axi_crc_top'.
Removed a total of 0 cells.

5.20.13. Executing OPT_RMDFF pass (remove dff with constant values).

5.20.14. Executing OPT_CLEAN pass (remove unused cells and wires).
Finding unused cells or wires in module $paramod\axi_lite_slave\ADDR_WIDTH=8\DATA_WIDTH=32..
Finding unused cells or wires in module $paramod\crc_engine\ADDR_WIDTH=8\DATA_WIDTH=32..
Finding unused cells or wires in module \axi_crc_top..

5.20.15. Executing OPT_EXPR pass (perform const folding).
Optimizing module $paramod\axi_lite_slave\ADDR_WIDTH=8\DATA_WIDTH=32.
Optimizing module $paramod\crc_engine\ADDR_WIDTH=8\DATA_WIDTH=32.
Optimizing module axi_crc_top.

5.20.16. Finished OPT passes. (There is nothing left to do.)

5.21. Executing TECHMAP pass (map to technology primitives).

5.21.1. Executing Verilog-2005 frontend: <techmap.v>
Parsing Verilog input from `<techmap.v>' to AST representation.
Generating RTLIL representation for module `\_90_simplemap_bool_ops'.
Generating RTLIL representation for module `\_90_simplemap_reduce_ops'.
Generating RTLIL representation for module `\_90_simplemap_logic_ops'.
Generating RTLIL representation for module `\_90_simplemap_compare_ops'.
Generating RTLIL representation for module `\_90_simplemap_various'.
Generating RTLIL representation for module `\_90_simplemap_registers'.
Generating RTLIL representation for module `\_90_shift_ops_shr_shl_sshl_sshr'.
Generating RTLIL representation for module `\_90_shift_shiftx'.
Generating RTLIL representation for module `\_90_fa'.
Generating RTLIL representation for module `\_90_lcu'.
Generating RTLIL representation for module `\_90_alu'.
Generating RTLIL representation for module `\_90_macc'.
Generating RTLIL representation for module `\_90_alumacc'.
Generating RTLIL representation for module `\$__div_mod_u'.
Generating RTLIL representation for module `\$__div_mod'.
Generating RTLIL representation for module `\_90_div'.
Generating RTLIL representation for module `\_90_mod'.
Generating RTLIL representation for module `\_90_pow'.
Generating RTLIL representation for module `\_90_pmux'.
Generating RTLIL representation for module `\_90_lut'.
Successfully finished Verilog frontend.

5.21.2. Continuing TECHMAP pass.
Using extmapper simplemap for cells of type $xor.
Using extmapper simplemap for cells of type $eq.
Using extmapper simplemap for cells of type $mux.
Using extmapper simplemap for cells of type $logic_not.
Using template $paramod\_90_pmux\WIDTH=32\S_WIDTH=3 for cells of type $pmux.
Using extmapper simplemap for cells of type $not.
Using extmapper simplemap for cells of type $or.
Using extmapper simplemap for cells of type $dff.
Using extmapper simplemap for cells of type $adff.
Using template $paramod\_90_pmux\WIDTH=32\S_WIDTH=2 for cells of type $pmux.
Using extmapper simplemap for cells of type $and.
Using extmapper simplemap for cells of type $reduce_or.
Using extmapper simplemap for cells of type $logic_and.
Using extmapper simplemap for cells of type $logic_or.
No more expansions possible.
<suppressed ~1036 debug messages>

5.22. Executing OPT pass (performing simple optimizations).

5.22.1. Executing OPT_EXPR pass (perform const folding).
Optimizing module $paramod\axi_lite_slave\ADDR_WIDTH=8\DATA_WIDTH=32.
<suppressed ~111 debug messages>
Optimizing module $paramod\crc_engine\ADDR_WIDTH=8\DATA_WIDTH=32.
Optimizing module axi_crc_top.

5.22.2. Executing OPT_MERGE pass (detect identical cells).
Finding identical cells in module `$paramod\axi_lite_slave\ADDR_WIDTH=8\DATA_WIDTH=32'.
<suppressed ~69 debug messages>
Finding identical cells in module `$paramod\crc_engine\ADDR_WIDTH=8\DATA_WIDTH=32'.
Finding identical cells in module `\axi_crc_top'.
Removed a total of 23 cells.

5.22.3. Executing OPT_RMDFF pass (remove dff with constant values).

5.22.4. Executing OPT_CLEAN pass (remove unused cells and wires).
Finding unused cells or wires in module $paramod\axi_lite_slave\ADDR_WIDTH=8\DATA_WIDTH=32..
Finding unused cells or wires in module $paramod\crc_engine\ADDR_WIDTH=8\DATA_WIDTH=32..
Finding unused cells or wires in module \axi_crc_top..
Removed 1 unused cells and 324 unused wires.
<suppressed ~2 debug messages>

5.22.5. Finished fast OPT passes.

5.23. Executing ABC pass (technology mapping using ABC).

5.23.1. Extracting gate netlist of module `$paramod\axi_lite_slave\ADDR_WIDTH=8\DATA_WIDTH=32' to `<abc-temp-dir>/input.blif'..
Extracted 745 gates and 989 wires to a netlist network with 242 inputs and 156 outputs.

5.23.1.1. Executing ABC.
Running ABC command: berkeley-abc -s -f <abc-temp-dir>/abc.script 2>&1
ABC: ABC command line: "source <abc-temp-dir>/abc.script".
ABC: 
ABC: + read_blif <abc-temp-dir>/input.blif 
ABC: + read_library <abc-temp-dir>/stdcells.genlib 
ABC: Entered genlib library with 17 gates from file "<abc-temp-dir>/stdcells.genlib".
ABC: + strash 
ABC: + dretime 
ABC: + retime 
ABC: + map 
ABC: + write_blif <abc-temp-dir>/output.blif 

5.23.1.2. Re-integrating ABC results.
ABC RESULTS:               AND cells:        5
ABC RESULTS:            ANDNOT cells:       15
ABC RESULTS:              AOI3 cells:       32
ABC RESULTS:              AOI4 cells:       32
ABC RESULTS:               MUX cells:      221
ABC RESULTS:              NAND cells:        2
ABC RESULTS:               NOR cells:        6
ABC RESULTS:               NOT cells:       98
ABC RESULTS:              OAI3 cells:        1
ABC RESULTS:              OAI4 cells:       64
ABC RESULTS:                OR cells:      116
ABC RESULTS:             ORNOT cells:        9
ABC RESULTS:        internal signals:      591
ABC RESULTS:           input signals:      242
ABC RESULTS:          output signals:      156
Removing temp directory.

5.23.2. Extracting gate netlist of module `$paramod\crc_engine\ADDR_WIDTH=8\DATA_WIDTH=32' to `<abc-temp-dir>/input.blif'..
Extracted 839 gates and 903 wires to a netlist network with 64 inputs and 32 outputs.

5.23.2.1. Executing ABC.
Running ABC command: berkeley-abc -s -f <abc-temp-dir>/abc.script 2>&1
ABC: ABC command line: "source <abc-temp-dir>/abc.script".
ABC: 
ABC: + read_blif <abc-temp-dir>/input.blif 
ABC: + read_library <abc-temp-dir>/stdcells.genlib 
ABC: Entered genlib library with 17 gates from file "<abc-temp-dir>/stdcells.genlib".
ABC: + strash 
ABC: + dretime 
ABC: + retime 
ABC: + map 
ABC: + write_blif <abc-temp-dir>/output.blif 

5.23.2.2. Re-integrating ABC results.
ABC RESULTS:               NOT cells:        6
ABC RESULTS:              XNOR cells:       12
ABC RESULTS:               XOR cells:      827
ABC RESULTS:        internal signals:      807
ABC RESULTS:           input signals:       64
ABC RESULTS:          output signals:       32
Removing temp directory.

5.23.3. Extracting gate netlist of module `\axi_crc_top' to `<abc-temp-dir>/input.blif'..
Extracted 0 gates and 0 wires to a netlist network with 0 inputs and 0 outputs.
Don't call ABC as there is nothing to map.
Removing temp directory.

5.24. Executing OPT pass (performing simple optimizations).

5.24.1. Executing OPT_EXPR pass (perform const folding).
Optimizing module $paramod\axi_lite_slave\ADDR_WIDTH=8\DATA_WIDTH=32.
<suppressed ~33 debug messages>
Optimizing module $paramod\crc_engine\ADDR_WIDTH=8\DATA_WIDTH=32.
Optimizing module axi_crc_top.

5.24.2. Executing OPT_MERGE pass (detect identical cells).
Finding identical cells in module `$paramod\axi_lite_slave\ADDR_WIDTH=8\DATA_WIDTH=32'.
Finding identical cells in module `$paramod\crc_engine\ADDR_WIDTH=8\DATA_WIDTH=32'.
Finding identical cells in module `\axi_crc_top'.
Removed a total of 0 cells.

5.24.3. Executing OPT_RMDFF pass (remove dff with constant values).

5.24.4. Executing OPT_CLEAN pass (remove unused cells and wires).
Finding unused cells or wires in module $paramod\axi_lite_slave\ADDR_WIDTH=8\DATA_WIDTH=32..
Finding unused cells or wires in module $paramod\crc_engine\ADDR_WIDTH=8\DATA_WIDTH=32..
Finding unused cells or wires in module \axi_crc_top..
Removed 1 unused cells and 1403 unused wires.
<suppressed ~3 debug messages>

5.24.5. Finished fast OPT passes.

5.25. Executing HIERARCHY pass (managing design hierarchy).

5.25.1. Analyzing design hierarchy..
Top module:  \axi_crc_top
Used module:     $paramod\crc_engine\ADDR_WIDTH=8\DATA_WIDTH=32
Used module:     $paramod\axi_lite_slave\ADDR_WIDTH=8\DATA_WIDTH=32

5.25.2. Analyzing design hierarchy..
Top module:  \axi_crc_top
Used module:     $paramod\crc_engine\ADDR_WIDTH=8\DATA_WIDTH=32
Used module:     $paramod\axi_lite_slave\ADDR_WIDTH=8\DATA_WIDTH=32
Removed 0 unused modules.

5.26. Printing statistics.

=== $paramod\axi_lite_slave\ADDR_WIDTH=8\DATA_WIDTH=32 ===

   Number of wires:                490
   Number of wire bits:            908
   Number of public wires:          30
   Number of public wire bits:     308
   Number of memories:               0
   Number of memory bits:            0
   Number of processes:              0
   Number of cells:                757
     $_ANDNOT_                      15
     $_AND_                          5
     $_AOI3_                        32
     $_AOI4_                        32
     $_DFF_PN0_                     60
     $_DFF_P_                       97
     $_MUX_                        221
     $_NAND_                         2
     $_NOR_                          6
     $_NOT_                         97
     $_OAI3_                         1
     $_OAI4_                        64
     $_ORNOT_                        9
     $_OR_                         116

=== $paramod\crc_engine\ADDR_WIDTH=8\DATA_WIDTH=32 ===

   Number of wires:                816
   Number of wire bits:            909
   Number of public wires:           3
   Number of public wire bits:      96
   Number of memories:               0
   Number of memory bits:            0
   Number of processes:              0
   Number of cells:                845
     $_NOT_                          6
     $_XNOR_                        12
     $_XOR_                        827

=== axi_crc_top ===

   Number of wires:                 21
   Number of wire bits:            192
   Number of public wires:          21
   Number of public wire bits:     192
   Number of memories:               0
   Number of memory bits:            0
   Number of processes:              0
   Number of cells:                  2
     $paramod\axi_lite_slave\ADDR_WIDTH=8\DATA_WIDTH=32      1
     $paramod\crc_engine\ADDR_WIDTH=8\DATA_WIDTH=32      1

=== design hierarchy ===

   axi_crc_top                       1
     $paramod\axi_lite_slave\ADDR_WIDTH=8\DATA_WIDTH=32      1
     $paramod\crc_engine\ADDR_WIDTH=8\DATA_WIDTH=32      1

   Number of wires:               1327
   Number of wire bits:           2009
   Number of public wires:          54
   Number of public wire bits:     596
   Number of memories:               0
   Number of memory bits:            0
   Number of processes:              0
   Number of cells:               1602
     $_ANDNOT_                      15
     $_AND_                          5
     $_AOI3_                        32
     $_AOI4_                        32
     $_DFF_PN0_                     60
     $_DFF_P_                       97
     $_MUX_                        221
     $_NAND_                         2
     $_NOR_                          6
     $_NOT_                        103
     $_OAI3_                         1
     $_OAI4_                        64
     $_ORNOT_                        9
     $_OR_                         116
     $_XNOR_                        12
     $_XOR_                        827

5.27. Executing CHECK pass (checking for obvious problems).
checking module $paramod\axi_lite_slave\ADDR_WIDTH=8\DATA_WIDTH=32..
checking module $paramod\crc_engine\ADDR_WIDTH=8\DATA_WIDTH=32..
checking module axi_crc_top..
found and reported 0 problems.

6. Executing LTP pass (find longest path).
Warning: Detected loop at $0\reg_crc_result[31:0] [31] in $paramod\axi_lite_slave\ADDR_WIDTH=8\DATA_WIDTH=32
Warning: Detected loop at $0\s_rdata[31:0] [31] in $paramod\axi_lite_slave\ADDR_WIDTH=8\DATA_WIDTH=32
Warning: Detected loop at $0\reg_crc_result[31:0] [30] in $paramod\axi_lite_slave\ADDR_WIDTH=8\DATA_WIDTH=32
Warning: Detected loop at $0\s_rdata[31:0] [30] in $paramod\axi_lite_slave\ADDR_WIDTH=8\DATA_WIDTH=32
Warning: Detected loop at $0\reg_crc_result[31:0] [29] in $paramod\axi_lite_slave\ADDR_WIDTH=8\DATA_WIDTH=32
Warning: Detected loop at $0\s_rdata[31:0] [29] in $paramod\axi_lite_slave\ADDR_WIDTH=8\DATA_WIDTH=32
Warning: Detected loop at $0\reg_crc_result[31:0] [28] in $paramod\axi_lite_slave\ADDR_WIDTH=8\DATA_WIDTH=32
Warning: Detected loop at $0\s_rdata[31:0] [28] in $paramod\axi_lite_slave\ADDR_WIDTH=8\DATA_WIDTH=32
Warning: Detected loop at $0\reg_crc_result[31:0] [27] in $paramod\axi_lite_slave\ADDR_WIDTH=8\DATA_WIDTH=32
Warning: Detected loop at $0\s_rdata[31:0] [27] in $paramod\axi_lite_slave\ADDR_WIDTH=8\DATA_WIDTH=32
Warning: Detected loop at $0\reg_crc_result[31:0] [26] in $paramod\axi_lite_slave\ADDR_WIDTH=8\DATA_WIDTH=32
Warning: Detected loop at $0\s_rdata[31:0] [26] in $paramod\axi_lite_slave\ADDR_WIDTH=8\DATA_WIDTH=32
Warning: Detected loop at $0\reg_crc_result[31:0] [25] in $paramod\axi_lite_slave\ADDR_WIDTH=8\DATA_WIDTH=32
Warning: Detected loop at $0\s_rdata[31:0] [25] in $paramod\axi_lite_slave\ADDR_WIDTH=8\DATA_WIDTH=32
Warning: Detected loop at $0\reg_crc_result[31:0] [24] in $paramod\axi_lite_slave\ADDR_WIDTH=8\DATA_WIDTH=32
Warning: Detected loop at $0\s_rdata[31:0] [24] in $paramod\axi_lite_slave\ADDR_WIDTH=8\DATA_WIDTH=32
Warning: Detected loop at $0\reg_crc_result[31:0] [23] in $paramod\axi_lite_slave\ADDR_WIDTH=8\DATA_WIDTH=32
Warning: Detected loop at $0\s_rdata[31:0] [23] in $paramod\axi_lite_slave\ADDR_WIDTH=8\DATA_WIDTH=32
Warning: Detected loop at $0\reg_crc_result[31:0] [22] in $paramod\axi_lite_slave\ADDR_WIDTH=8\DATA_WIDTH=32
Warning: Detected loop at $0\s_rdata[31:0] [22] in $paramod\axi_lite_slave\ADDR_WIDTH=8\DATA_WIDTH=32
Warning: Detected loop at $0\reg_crc_result[31:0] [21] in $paramod\axi_lite_slave\ADDR_WIDTH=8\DATA_WIDTH=32
Warning: Detected loop at $0\s_rdata[31:0] [21] in $paramod\axi_lite_slave\ADDR_WIDTH=8\DATA_WIDTH=32
Warning: Detected loop at $0\reg_crc_result[31:0] [20] in $paramod\axi_lite_slave\ADDR_WIDTH=8\DATA_WIDTH=32
Warning: Detected loop at $0\s_rdata[31:0] [20] in $paramod\axi_lite_slave\ADDR_WIDTH=8\DATA_WIDTH=32
Warning: Detected loop at $0\reg_crc_result[31:0] [19] in $paramod\axi_lite_slave\ADDR_WIDTH=8\DATA_WIDTH=32
Warning: Detected loop at $0\s_rdata[31:0] [19] in $paramod\axi_lite_slave\ADDR_WIDTH=8\DATA_WIDTH=32
Warning: Detected loop at $0\reg_crc_result[31:0] [18] in $paramod\axi_lite_slave\ADDR_WIDTH=8\DATA_WIDTH=32
Warning: Detected loop at $0\s_rdata[31:0] [18] in $paramod\axi_lite_slave\ADDR_WIDTH=8\DATA_WIDTH=32
Warning: Detected loop at $0\reg_crc_result[31:0] [17] in $paramod\axi_lite_slave\ADDR_WIDTH=8\DATA_WIDTH=32
Warning: Detected loop at $0\s_rdata[31:0] [17] in $paramod\axi_lite_slave\ADDR_WIDTH=8\DATA_WIDTH=32
Warning: Detected loop at $0\reg_crc_result[31:0] [16] in $paramod\axi_lite_slave\ADDR_WIDTH=8\DATA_WIDTH=32
Warning: Detected loop at $0\s_rdata[31:0] [16] in $paramod\axi_lite_slave\ADDR_WIDTH=8\DATA_WIDTH=32
Warning: Detected loop at $0\reg_crc_result[31:0] [15] in $paramod\axi_lite_slave\ADDR_WIDTH=8\DATA_WIDTH=32
Warning: Detected loop at $0\s_rdata[31:0] [15] in $paramod\axi_lite_slave\ADDR_WIDTH=8\DATA_WIDTH=32
Warning: Detected loop at $0\reg_crc_result[31:0] [14] in $paramod\axi_lite_slave\ADDR_WIDTH=8\DATA_WIDTH=32
Warning: Detected loop at $0\s_rdata[31:0] [14] in $paramod\axi_lite_slave\ADDR_WIDTH=8\DATA_WIDTH=32
Warning: Detected loop at $0\reg_crc_result[31:0] [13] in $paramod\axi_lite_slave\ADDR_WIDTH=8\DATA_WIDTH=32
Warning: Detected loop at $0\s_rdata[31:0] [13] in $paramod\axi_lite_slave\ADDR_WIDTH=8\DATA_WIDTH=32
Warning: Detected loop at $0\reg_crc_result[31:0] [12] in $paramod\axi_lite_slave\ADDR_WIDTH=8\DATA_WIDTH=32
Warning: Detected loop at $0\s_rdata[31:0] [12] in $paramod\axi_lite_slave\ADDR_WIDTH=8\DATA_WIDTH=32
Warning: Detected loop at $0\reg_crc_result[31:0] [11] in $paramod\axi_lite_slave\ADDR_WIDTH=8\DATA_WIDTH=32
Warning: Detected loop at $0\s_rdata[31:0] [11] in $paramod\axi_lite_slave\ADDR_WIDTH=8\DATA_WIDTH=32
Warning: Detected loop at $0\reg_crc_result[31:0] [10] in $paramod\axi_lite_slave\ADDR_WIDTH=8\DATA_WIDTH=32
Warning: Detected loop at $0\s_rdata[31:0] [10] in $paramod\axi_lite_slave\ADDR_WIDTH=8\DATA_WIDTH=32
Warning: Detected loop at $0\reg_crc_result[31:0] [9] in $paramod\axi_lite_slave\ADDR_WIDTH=8\DATA_WIDTH=32
Warning: Detected loop at $0\s_rdata[31:0] [9] in $paramod\axi_lite_slave\ADDR_WIDTH=8\DATA_WIDTH=32
Warning: Detected loop at $0\reg_crc_result[31:0] [8] in $paramod\axi_lite_slave\ADDR_WIDTH=8\DATA_WIDTH=32
Warning: Detected loop at $0\s_rdata[31:0] [8] in $paramod\axi_lite_slave\ADDR_WIDTH=8\DATA_WIDTH=32
Warning: Detected loop at $0\reg_crc_result[31:0] [7] in $paramod\axi_lite_slave\ADDR_WIDTH=8\DATA_WIDTH=32
Warning: Detected loop at $0\s_rdata[31:0] [7] in $paramod\axi_lite_slave\ADDR_WIDTH=8\DATA_WIDTH=32
Warning: Detected loop at $0\reg_crc_result[31:0] [6] in $paramod\axi_lite_slave\ADDR_WIDTH=8\DATA_WIDTH=32
Warning: Detected loop at $0\s_rdata[31:0] [6] in $paramod\axi_lite_slave\ADDR_WIDTH=8\DATA_WIDTH=32
Warning: Detected loop at $0\reg_crc_result[31:0] [5] in $paramod\axi_lite_slave\ADDR_WIDTH=8\DATA_WIDTH=32
Warning: Detected loop at $0\s_rdata[31:0] [5] in $paramod\axi_lite_slave\ADDR_WIDTH=8\DATA_WIDTH=32
Warning: Detected loop at $0\reg_crc_result[31:0] [4] in $paramod\axi_lite_slave\ADDR_WIDTH=8\DATA_WIDTH=32
Warning: Detected loop at $0\s_rdata[31:0] [4] in $paramod\axi_lite_slave\ADDR_WIDTH=8\DATA_WIDTH=32
Warning: Detected loop at $0\reg_crc_result[31:0] [3] in $paramod\axi_lite_slave\ADDR_WIDTH=8\DATA_WIDTH=32
Warning: Detected loop at $0\s_rdata[31:0] [3] in $paramod\axi_lite_slave\ADDR_WIDTH=8\DATA_WIDTH=32
Warning: Detected loop at $0\reg_crc_result[31:0] [2] in $paramod\axi_lite_slave\ADDR_WIDTH=8\DATA_WIDTH=32
Warning: Detected loop at $0\s_rdata[31:0] [2] in $paramod\axi_lite_slave\ADDR_WIDTH=8\DATA_WIDTH=32
Warning: Detected loop at $0\reg_crc_result[31:0] [1] in $paramod\axi_lite_slave\ADDR_WIDTH=8\DATA_WIDTH=32
Warning: Detected loop at $0\s_rdata[31:0] [1] in $paramod\axi_lite_slave\ADDR_WIDTH=8\DATA_WIDTH=32
Warning: Detected loop at $0\reg_crc_result[31:0] [0] in $paramod\axi_lite_slave\ADDR_WIDTH=8\DATA_WIDTH=32
Warning: Detected loop at $0\s_rdata[31:0] [0] in $paramod\axi_lite_slave\ADDR_WIDTH=8\DATA_WIDTH=32
Warning: Detected loop at $0\s_bvalid[0:0] in $paramod\axi_lite_slave\ADDR_WIDTH=8\DATA_WIDTH=32
Warning: Detected loop at $0\s_bresp[1:0] [1] in $paramod\axi_lite_slave\ADDR_WIDTH=8\DATA_WIDTH=32
Warning: Detected loop at $0\s_bresp[1:0] [0] in $paramod\axi_lite_slave\ADDR_WIDTH=8\DATA_WIDTH=32
Warning: Detected loop at \w_receive in $paramod\axi_lite_slave\ADDR_WIDTH=8\DATA_WIDTH=32
Warning: Detected loop at \w_receive in $paramod\axi_lite_slave\ADDR_WIDTH=8\DATA_WIDTH=32
Warning: Detected loop at $0\reg_crc_result[31:0] [31] in $paramod\axi_lite_slave\ADDR_WIDTH=8\DATA_WIDTH=32
Warning: Detected loop at $0\s_rdata[31:0] [31] in $paramod\axi_lite_slave\ADDR_WIDTH=8\DATA_WIDTH=32
Warning: Detected loop at $0\reg_crc_result[31:0] [30] in $paramod\axi_lite_slave\ADDR_WIDTH=8\DATA_WIDTH=32
Warning: Detected loop at $0\s_rdata[31:0] [30] in $paramod\axi_lite_slave\ADDR_WIDTH=8\DATA_WIDTH=32
Warning: Detected loop at $0\reg_crc_result[31:0] [29] in $paramod\axi_lite_slave\ADDR_WIDTH=8\DATA_WIDTH=32
Warning: Detected loop at $0\s_rdata[31:0] [29] in $paramod\axi_lite_slave\ADDR_WIDTH=8\DATA_WIDTH=32
Warning: Detected loop at $0\reg_crc_result[31:0] [28] in $paramod\axi_lite_slave\ADDR_WIDTH=8\DATA_WIDTH=32
Warning: Detected loop at $0\s_rdata[31:0] [28] in $paramod\axi_lite_slave\ADDR_WIDTH=8\DATA_WIDTH=32
Warning: Detected loop at $0\reg_crc_result[31:0] [27] in $paramod\axi_lite_slave\ADDR_WIDTH=8\DATA_WIDTH=32
Warning: Detected loop at $0\s_rdata[31:0] [27] in $paramod\axi_lite_slave\ADDR_WIDTH=8\DATA_WIDTH=32
Warning: Detected loop at $0\reg_crc_result[31:0] [26] in $paramod\axi_lite_slave\ADDR_WIDTH=8\DATA_WIDTH=32
Warning: Detected loop at $0\s_rdata[31:0] [26] in $paramod\axi_lite_slave\ADDR_WIDTH=8\DATA_WIDTH=32
Warning: Detected loop at $0\reg_crc_result[31:0] [25] in $paramod\axi_lite_slave\ADDR_WIDTH=8\DATA_WIDTH=32
Warning: Detected loop at $0\s_rdata[31:0] [25] in $paramod\axi_lite_slave\ADDR_WIDTH=8\DATA_WIDTH=32
Warning: Detected loop at $0\reg_crc_result[31:0] [24] in $paramod\axi_lite_slave\ADDR_WIDTH=8\DATA_WIDTH=32
Warning: Detected loop at $0\s_rdata[31:0] [24] in $paramod\axi_lite_slave\ADDR_WIDTH=8\DATA_WIDTH=32
Warning: Detected loop at $0\reg_crc_result[31:0] [23] in $paramod\axi_lite_slave\ADDR_WIDTH=8\DATA_WIDTH=32
Warning: Detected loop at $0\s_rdata[31:0] [23] in $paramod\axi_lite_slave\ADDR_WIDTH=8\DATA_WIDTH=32
Warning: Detected loop at $0\reg_crc_result[31:0] [22] in $paramod\axi_lite_slave\ADDR_WIDTH=8\DATA_WIDTH=32
Warning: Detected loop at $0\s_rdata[31:0] [22] in $paramod\axi_lite_slave\ADDR_WIDTH=8\DATA_WIDTH=32
Warning: Detected loop at $0\reg_crc_result[31:0] [21] in $paramod\axi_lite_slave\ADDR_WIDTH=8\DATA_WIDTH=32
Warning: Detected loop at $0\s_rdata[31:0] [21] in $paramod\axi_lite_slave\ADDR_WIDTH=8\DATA_WIDTH=32
Warning: Detected loop at $0\reg_crc_result[31:0] [20] in $paramod\axi_lite_slave\ADDR_WIDTH=8\DATA_WIDTH=32
Warning: Detected loop at $0\s_rdata[31:0] [20] in $paramod\axi_lite_slave\ADDR_WIDTH=8\DATA_WIDTH=32
Warning: Detected loop at $0\reg_crc_result[31:0] [19] in $paramod\axi_lite_slave\ADDR_WIDTH=8\DATA_WIDTH=32
Warning: Detected loop at $0\s_rdata[31:0] [19] in $paramod\axi_lite_slave\ADDR_WIDTH=8\DATA_WIDTH=32
Warning: Detected loop at $0\reg_crc_result[31:0] [18] in $paramod\axi_lite_slave\ADDR_WIDTH=8\DATA_WIDTH=32
Warning: Detected loop at $0\s_rdata[31:0] [18] in $paramod\axi_lite_slave\ADDR_WIDTH=8\DATA_WIDTH=32
Warning: Detected loop at $0\reg_crc_result[31:0] [17] in $paramod\axi_lite_slave\ADDR_WIDTH=8\DATA_WIDTH=32
Warning: Detected loop at $0\s_rdata[31:0] [17] in $paramod\axi_lite_slave\ADDR_WIDTH=8\DATA_WIDTH=32
Warning: Detected loop at $0\reg_crc_result[31:0] [16] in $paramod\axi_lite_slave\ADDR_WIDTH=8\DATA_WIDTH=32
Warning: Detected loop at $0\s_rdata[31:0] [16] in $paramod\axi_lite_slave\ADDR_WIDTH=8\DATA_WIDTH=32
Warning: Detected loop at $0\reg_crc_result[31:0] [15] in $paramod\axi_lite_slave\ADDR_WIDTH=8\DATA_WIDTH=32
Warning: Detected loop at $0\s_rdata[31:0] [15] in $paramod\axi_lite_slave\ADDR_WIDTH=8\DATA_WIDTH=32
Warning: Detected loop at $0\reg_crc_result[31:0] [14] in $paramod\axi_lite_slave\ADDR_WIDTH=8\DATA_WIDTH=32
Warning: Detected loop at $0\s_rdata[31:0] [14] in $paramod\axi_lite_slave\ADDR_WIDTH=8\DATA_WIDTH=32
Warning: Detected loop at $0\reg_crc_result[31:0] [13] in $paramod\axi_lite_slave\ADDR_WIDTH=8\DATA_WIDTH=32
Warning: Detected loop at $0\s_rdata[31:0] [13] in $paramod\axi_lite_slave\ADDR_WIDTH=8\DATA_WIDTH=32
Warning: Detected loop at $0\reg_crc_result[31:0] [12] in $paramod\axi_lite_slave\ADDR_WIDTH=8\DATA_WIDTH=32
Warning: Detected loop at $0\s_rdata[31:0] [12] in $paramod\axi_lite_slave\ADDR_WIDTH=8\DATA_WIDTH=32
Warning: Detected loop at $0\reg_crc_result[31:0] [11] in $paramod\axi_lite_slave\ADDR_WIDTH=8\DATA_WIDTH=32
Warning: Detected loop at $0\s_rdata[31:0] [11] in $paramod\axi_lite_slave\ADDR_WIDTH=8\DATA_WIDTH=32
Warning: Detected loop at $0\reg_crc_result[31:0] [10] in $paramod\axi_lite_slave\ADDR_WIDTH=8\DATA_WIDTH=32
Warning: Detected loop at $0\s_rdata[31:0] [10] in $paramod\axi_lite_slave\ADDR_WIDTH=8\DATA_WIDTH=32
Warning: Detected loop at $0\reg_crc_result[31:0] [9] in $paramod\axi_lite_slave\ADDR_WIDTH=8\DATA_WIDTH=32
Warning: Detected loop at $0\s_rdata[31:0] [9] in $paramod\axi_lite_slave\ADDR_WIDTH=8\DATA_WIDTH=32
Warning: Detected loop at $0\reg_crc_result[31:0] [8] in $paramod\axi_lite_slave\ADDR_WIDTH=8\DATA_WIDTH=32
Warning: Detected loop at $0\s_rdata[31:0] [8] in $paramod\axi_lite_slave\ADDR_WIDTH=8\DATA_WIDTH=32
Warning: Detected loop at $0\reg_crc_result[31:0] [7] in $paramod\axi_lite_slave\ADDR_WIDTH=8\DATA_WIDTH=32
Warning: Detected loop at $0\s_rdata[31:0] [7] in $paramod\axi_lite_slave\ADDR_WIDTH=8\DATA_WIDTH=32
Warning: Detected loop at $0\reg_crc_result[31:0] [6] in $paramod\axi_lite_slave\ADDR_WIDTH=8\DATA_WIDTH=32
Warning: Detected loop at $0\s_rdata[31:0] [6] in $paramod\axi_lite_slave\ADDR_WIDTH=8\DATA_WIDTH=32
Warning: Detected loop at $0\reg_crc_result[31:0] [5] in $paramod\axi_lite_slave\ADDR_WIDTH=8\DATA_WIDTH=32
Warning: Detected loop at $0\s_rdata[31:0] [5] in $paramod\axi_lite_slave\ADDR_WIDTH=8\DATA_WIDTH=32
Warning: Detected loop at $0\reg_crc_result[31:0] [4] in $paramod\axi_lite_slave\ADDR_WIDTH=8\DATA_WIDTH=32
Warning: Detected loop at $0\s_rdata[31:0] [4] in $paramod\axi_lite_slave\ADDR_WIDTH=8\DATA_WIDTH=32
Warning: Detected loop at $0\reg_crc_result[31:0] [3] in $paramod\axi_lite_slave\ADDR_WIDTH=8\DATA_WIDTH=32
Warning: Detected loop at $0\s_rdata[31:0] [3] in $paramod\axi_lite_slave\ADDR_WIDTH=8\DATA_WIDTH=32
Warning: Detected loop at $0\reg_crc_result[31:0] [2] in $paramod\axi_lite_slave\ADDR_WIDTH=8\DATA_WIDTH=32
Warning: Detected loop at $0\s_rdata[31:0] [2] in $paramod\axi_lite_slave\ADDR_WIDTH=8\DATA_WIDTH=32
Warning: Detected loop at $0\reg_crc_result[31:0] [1] in $paramod\axi_lite_slave\ADDR_WIDTH=8\DATA_WIDTH=32
Warning: Detected loop at $0\s_rdata[31:0] [1] in $paramod\axi_lite_slave\ADDR_WIDTH=8\DATA_WIDTH=32
Warning: Detected loop at $0\reg_crc_result[31:0] [0] in $paramod\axi_lite_slave\ADDR_WIDTH=8\DATA_WIDTH=32
Warning: Detected loop at $0\s_rdata[31:0] [0] in $paramod\axi_lite_slave\ADDR_WIDTH=8\DATA_WIDTH=32
Warning: Detected loop at $0\s_bvalid[0:0] in $paramod\axi_lite_slave\ADDR_WIDTH=8\DATA_WIDTH=32
Warning: Detected loop at $0\s_bresp[1:0] [1] in $paramod\axi_lite_slave\ADDR_WIDTH=8\DATA_WIDTH=32
Warning: Detected loop at $0\s_bresp[1:0] [0] in $paramod\axi_lite_slave\ADDR_WIDTH=8\DATA_WIDTH=32
Warning: Detected loop at \w_receive in $paramod\axi_lite_slave\ADDR_WIDTH=8\DATA_WIDTH=32
Warning: Detected loop at $0\aw_receive[0:0] in $paramod\axi_lite_slave\ADDR_WIDTH=8\DATA_WIDTH=32
Warning: Detected loop at $abc$4030$new_n630_ in $paramod\axi_lite_slave\ADDR_WIDTH=8\DATA_WIDTH=32
Warning: Detected loop at $0\reg_crc_initial[31:0] [31] in $paramod\axi_lite_slave\ADDR_WIDTH=8\DATA_WIDTH=32
Warning: Detected loop at $abc$4030$new_n979_ in $paramod\axi_lite_slave\ADDR_WIDTH=8\DATA_WIDTH=32
Warning: Detected loop at $abc$4030$new_n979_ in $paramod\axi_lite_slave\ADDR_WIDTH=8\DATA_WIDTH=32
Warning: Detected loop at $0\reg_crc_initial[31:0] [30] in $paramod\axi_lite_slave\ADDR_WIDTH=8\DATA_WIDTH=32
Warning: Detected loop at $abc$4030$new_n975_ in $paramod\axi_lite_slave\ADDR_WIDTH=8\DATA_WIDTH=32
Warning: Detected loop at $abc$4030$new_n975_ in $paramod\axi_lite_slave\ADDR_WIDTH=8\DATA_WIDTH=32
Warning: Detected loop at $0\reg_crc_initial[31:0] [29] in $paramod\axi_lite_slave\ADDR_WIDTH=8\DATA_WIDTH=32
Warning: Detected loop at $abc$4030$new_n971_ in $paramod\axi_lite_slave\ADDR_WIDTH=8\DATA_WIDTH=32
Warning: Detected loop at $abc$4030$new_n971_ in $paramod\axi_lite_slave\ADDR_WIDTH=8\DATA_WIDTH=32
Warning: Detected loop at $0\reg_crc_initial[31:0] [28] in $paramod\axi_lite_slave\ADDR_WIDTH=8\DATA_WIDTH=32
Warning: Detected loop at $abc$4030$new_n967_ in $paramod\axi_lite_slave\ADDR_WIDTH=8\DATA_WIDTH=32
Warning: Detected loop at $abc$4030$new_n967_ in $paramod\axi_lite_slave\ADDR_WIDTH=8\DATA_WIDTH=32
Warning: Detected loop at $0\reg_crc_initial[31:0] [27] in $paramod\axi_lite_slave\ADDR_WIDTH=8\DATA_WIDTH=32
Warning: Detected loop at $abc$4030$new_n963_ in $paramod\axi_lite_slave\ADDR_WIDTH=8\DATA_WIDTH=32
Warning: Detected loop at $abc$4030$new_n963_ in $paramod\axi_lite_slave\ADDR_WIDTH=8\DATA_WIDTH=32
Warning: Detected loop at $0\reg_crc_initial[31:0] [26] in $paramod\axi_lite_slave\ADDR_WIDTH=8\DATA_WIDTH=32
Warning: Detected loop at $abc$4030$new_n959_ in $paramod\axi_lite_slave\ADDR_WIDTH=8\DATA_WIDTH=32
Warning: Detected loop at $abc$4030$new_n959_ in $paramod\axi_lite_slave\ADDR_WIDTH=8\DATA_WIDTH=32
Warning: Detected loop at $0\reg_crc_initial[31:0] [25] in $paramod\axi_lite_slave\ADDR_WIDTH=8\DATA_WIDTH=32
Warning: Detected loop at $abc$4030$new_n955_ in $paramod\axi_lite_slave\ADDR_WIDTH=8\DATA_WIDTH=32
Warning: Detected loop at $abc$4030$new_n955_ in $paramod\axi_lite_slave\ADDR_WIDTH=8\DATA_WIDTH=32
Warning: Detected loop at $0\reg_crc_initial[31:0] [24] in $paramod\axi_lite_slave\ADDR_WIDTH=8\DATA_WIDTH=32
Warning: Detected loop at $abc$4030$new_n951_ in $paramod\axi_lite_slave\ADDR_WIDTH=8\DATA_WIDTH=32
Warning: Detected loop at $abc$4030$new_n951_ in $paramod\axi_lite_slave\ADDR_WIDTH=8\DATA_WIDTH=32
Warning: Detected loop at $0\reg_crc_initial[31:0] [23] in $paramod\axi_lite_slave\ADDR_WIDTH=8\DATA_WIDTH=32
Warning: Detected loop at $abc$4030$new_n947_ in $paramod\axi_lite_slave\ADDR_WIDTH=8\DATA_WIDTH=32
Warning: Detected loop at $abc$4030$new_n947_ in $paramod\axi_lite_slave\ADDR_WIDTH=8\DATA_WIDTH=32
Warning: Detected loop at $0\reg_crc_initial[31:0] [22] in $paramod\axi_lite_slave\ADDR_WIDTH=8\DATA_WIDTH=32
Warning: Detected loop at $abc$4030$new_n943_ in $paramod\axi_lite_slave\ADDR_WIDTH=8\DATA_WIDTH=32
Warning: Detected loop at $abc$4030$new_n943_ in $paramod\axi_lite_slave\ADDR_WIDTH=8\DATA_WIDTH=32
Warning: Detected loop at $0\reg_crc_initial[31:0] [21] in $paramod\axi_lite_slave\ADDR_WIDTH=8\DATA_WIDTH=32
Warning: Detected loop at $abc$4030$new_n939_ in $paramod\axi_lite_slave\ADDR_WIDTH=8\DATA_WIDTH=32
Warning: Detected loop at $abc$4030$new_n939_ in $paramod\axi_lite_slave\ADDR_WIDTH=8\DATA_WIDTH=32
Warning: Detected loop at $0\reg_crc_initial[31:0] [20] in $paramod\axi_lite_slave\ADDR_WIDTH=8\DATA_WIDTH=32
Warning: Detected loop at $abc$4030$new_n935_ in $paramod\axi_lite_slave\ADDR_WIDTH=8\DATA_WIDTH=32
Warning: Detected loop at $abc$4030$new_n935_ in $paramod\axi_lite_slave\ADDR_WIDTH=8\DATA_WIDTH=32
Warning: Detected loop at $0\reg_crc_initial[31:0] [19] in $paramod\axi_lite_slave\ADDR_WIDTH=8\DATA_WIDTH=32
Warning: Detected loop at $abc$4030$new_n931_ in $paramod\axi_lite_slave\ADDR_WIDTH=8\DATA_WIDTH=32
Warning: Detected loop at $abc$4030$new_n931_ in $paramod\axi_lite_slave\ADDR_WIDTH=8\DATA_WIDTH=32
Warning: Detected loop at $0\reg_crc_initial[31:0] [18] in $paramod\axi_lite_slave\ADDR_WIDTH=8\DATA_WIDTH=32
Warning: Detected loop at $abc$4030$new_n927_ in $paramod\axi_lite_slave\ADDR_WIDTH=8\DATA_WIDTH=32
Warning: Detected loop at $abc$4030$new_n927_ in $paramod\axi_lite_slave\ADDR_WIDTH=8\DATA_WIDTH=32
Warning: Detected loop at $0\reg_crc_initial[31:0] [17] in $paramod\axi_lite_slave\ADDR_WIDTH=8\DATA_WIDTH=32
Warning: Detected loop at $abc$4030$new_n923_ in $paramod\axi_lite_slave\ADDR_WIDTH=8\DATA_WIDTH=32
Warning: Detected loop at $abc$4030$new_n923_ in $paramod\axi_lite_slave\ADDR_WIDTH=8\DATA_WIDTH=32
Warning: Detected loop at $0\reg_crc_initial[31:0] [16] in $paramod\axi_lite_slave\ADDR_WIDTH=8\DATA_WIDTH=32
Warning: Detected loop at $abc$4030$new_n919_ in $paramod\axi_lite_slave\ADDR_WIDTH=8\DATA_WIDTH=32
Warning: Detected loop at $abc$4030$new_n919_ in $paramod\axi_lite_slave\ADDR_WIDTH=8\DATA_WIDTH=32
Warning: Detected loop at $0\reg_crc_initial[31:0] [15] in $paramod\axi_lite_slave\ADDR_WIDTH=8\DATA_WIDTH=32
Warning: Detected loop at $abc$4030$new_n915_ in $paramod\axi_lite_slave\ADDR_WIDTH=8\DATA_WIDTH=32
Warning: Detected loop at $abc$4030$new_n915_ in $paramod\axi_lite_slave\ADDR_WIDTH=8\DATA_WIDTH=32
Warning: Detected loop at $0\reg_crc_initial[31:0] [14] in $paramod\axi_lite_slave\ADDR_WIDTH=8\DATA_WIDTH=32
Warning: Detected loop at $abc$4030$new_n911_ in $paramod\axi_lite_slave\ADDR_WIDTH=8\DATA_WIDTH=32
Warning: Detected loop at $abc$4030$new_n911_ in $paramod\axi_lite_slave\ADDR_WIDTH=8\DATA_WIDTH=32
Warning: Detected loop at $0\reg_crc_initial[31:0] [13] in $paramod\axi_lite_slave\ADDR_WIDTH=8\DATA_WIDTH=32
Warning: Detected loop at $abc$4030$new_n907_ in $paramod\axi_lite_slave\ADDR_WIDTH=8\DATA_WIDTH=32
Warning: Detected loop at $abc$4030$new_n907_ in $paramod\axi_lite_slave\ADDR_WIDTH=8\DATA_WIDTH=32
Warning: Detected loop at $0\reg_crc_initial[31:0] [12] in $paramod\axi_lite_slave\ADDR_WIDTH=8\DATA_WIDTH=32
Warning: Detected loop at $abc$4030$new_n903_ in $paramod\axi_lite_slave\ADDR_WIDTH=8\DATA_WIDTH=32
Warning: Detected loop at $abc$4030$new_n903_ in $paramod\axi_lite_slave\ADDR_WIDTH=8\DATA_WIDTH=32
Warning: Detected loop at $0\reg_crc_initial[31:0] [11] in $paramod\axi_lite_slave\ADDR_WIDTH=8\DATA_WIDTH=32
Warning: Detected loop at $abc$4030$new_n899_ in $paramod\axi_lite_slave\ADDR_WIDTH=8\DATA_WIDTH=32
Warning: Detected loop at $abc$4030$new_n899_ in $paramod\axi_lite_slave\ADDR_WIDTH=8\DATA_WIDTH=32
Warning: Detected loop at $0\reg_crc_initial[31:0] [10] in $paramod\axi_lite_slave\ADDR_WIDTH=8\DATA_WIDTH=32
Warning: Detected loop at $abc$4030$new_n895_ in $paramod\axi_lite_slave\ADDR_WIDTH=8\DATA_WIDTH=32
Warning: Detected loop at $abc$4030$new_n895_ in $paramod\axi_lite_slave\ADDR_WIDTH=8\DATA_WIDTH=32
Warning: Detected loop at $0\reg_crc_initial[31:0] [9] in $paramod\axi_lite_slave\ADDR_WIDTH=8\DATA_WIDTH=32
Warning: Detected loop at $abc$4030$new_n891_ in $paramod\axi_lite_slave\ADDR_WIDTH=8\DATA_WIDTH=32
Warning: Detected loop at $abc$4030$new_n891_ in $paramod\axi_lite_slave\ADDR_WIDTH=8\DATA_WIDTH=32
Warning: Detected loop at $0\reg_crc_initial[31:0] [8] in $paramod\axi_lite_slave\ADDR_WIDTH=8\DATA_WIDTH=32
Warning: Detected loop at $abc$4030$new_n887_ in $paramod\axi_lite_slave\ADDR_WIDTH=8\DATA_WIDTH=32
Warning: Detected loop at $abc$4030$new_n887_ in $paramod\axi_lite_slave\ADDR_WIDTH=8\DATA_WIDTH=32
Warning: Detected loop at $0\reg_crc_initial[31:0] [7] in $paramod\axi_lite_slave\ADDR_WIDTH=8\DATA_WIDTH=32
Warning: Detected loop at $abc$4030$new_n883_ in $paramod\axi_lite_slave\ADDR_WIDTH=8\DATA_WIDTH=32
Warning: Detected loop at $abc$4030$new_n883_ in $paramod\axi_lite_slave\ADDR_WIDTH=8\DATA_WIDTH=32
Warning: Detected loop at $0\reg_crc_initial[31:0] [6] in $paramod\axi_lite_slave\ADDR_WIDTH=8\DATA_WIDTH=32
Warning: Detected loop at $abc$4030$new_n879_ in $paramod\axi_lite_slave\ADDR_WIDTH=8\DATA_WIDTH=32
Warning: Detected loop at $abc$4030$new_n879_ in $paramod\axi_lite_slave\ADDR_WIDTH=8\DATA_WIDTH=32
Warning: Detected loop at $0\reg_crc_initial[31:0] [5] in $paramod\axi_lite_slave\ADDR_WIDTH=8\DATA_WIDTH=32
Warning: Detected loop at $abc$4030$new_n875_ in $paramod\axi_lite_slave\ADDR_WIDTH=8\DATA_WIDTH=32
Warning: Detected loop at $abc$4030$new_n875_ in $paramod\axi_lite_slave\ADDR_WIDTH=8\DATA_WIDTH=32
Warning: Detected loop at $0\reg_crc_initial[31:0] [4] in $paramod\axi_lite_slave\ADDR_WIDTH=8\DATA_WIDTH=32
Warning: Detected loop at $abc$4030$new_n871_ in $paramod\axi_lite_slave\ADDR_WIDTH=8\DATA_WIDTH=32
Warning: Detected loop at $abc$4030$new_n871_ in $paramod\axi_lite_slave\ADDR_WIDTH=8\DATA_WIDTH=32
Warning: Detected loop at $0\reg_crc_initial[31:0] [3] in $paramod\axi_lite_slave\ADDR_WIDTH=8\DATA_WIDTH=32
Warning: Detected loop at $abc$4030$new_n867_ in $paramod\axi_lite_slave\ADDR_WIDTH=8\DATA_WIDTH=32
Warning: Detected loop at $abc$4030$new_n867_ in $paramod\axi_lite_slave\ADDR_WIDTH=8\DATA_WIDTH=32
Warning: Detected loop at $0\reg_crc_initial[31:0] [2] in $paramod\axi_lite_slave\ADDR_WIDTH=8\DATA_WIDTH=32
Warning: Detected loop at $abc$4030$new_n863_ in $paramod\axi_lite_slave\ADDR_WIDTH=8\DATA_WIDTH=32
Warning: Detected loop at $abc$4030$new_n863_ in $paramod\axi_lite_slave\ADDR_WIDTH=8\DATA_WIDTH=32
Warning: Detected loop at $0\reg_crc_initial[31:0] [1] in $paramod\axi_lite_slave\ADDR_WIDTH=8\DATA_WIDTH=32
Warning: Detected loop at $abc$4030$new_n859_ in $paramod\axi_lite_slave\ADDR_WIDTH=8\DATA_WIDTH=32
Warning: Detected loop at $abc$4030$new_n859_ in $paramod\axi_lite_slave\ADDR_WIDTH=8\DATA_WIDTH=32
Warning: Detected loop at $0\reg_crc_initial[31:0] [0] in $paramod\axi_lite_slave\ADDR_WIDTH=8\DATA_WIDTH=32
Warning: Detected loop at $abc$4030$new_n855_ in $paramod\axi_lite_slave\ADDR_WIDTH=8\DATA_WIDTH=32
Warning: Detected loop at $abc$4030$new_n855_ in $paramod\axi_lite_slave\ADDR_WIDTH=8\DATA_WIDTH=32
Warning: Detected loop at $0\reg_crc_data[31:0] [31] in $paramod\axi_lite_slave\ADDR_WIDTH=8\DATA_WIDTH=32
Warning: Detected loop at $abc$4030$new_n851_ in $paramod\axi_lite_slave\ADDR_WIDTH=8\DATA_WIDTH=32
Warning: Detected loop at $abc$4030$new_n851_ in $paramod\axi_lite_slave\ADDR_WIDTH=8\DATA_WIDTH=32
Warning: Detected loop at $0\reg_crc_data[31:0] [30] in $paramod\axi_lite_slave\ADDR_WIDTH=8\DATA_WIDTH=32
Warning: Detected loop at $abc$4030$new_n845_ in $paramod\axi_lite_slave\ADDR_WIDTH=8\DATA_WIDTH=32
Warning: Detected loop at $abc$4030$new_n845_ in $paramod\axi_lite_slave\ADDR_WIDTH=8\DATA_WIDTH=32
Warning: Detected loop at $0\reg_crc_data[31:0] [29] in $paramod\axi_lite_slave\ADDR_WIDTH=8\DATA_WIDTH=32
Warning: Detected loop at $abc$4030$new_n839_ in $paramod\axi_lite_slave\ADDR_WIDTH=8\DATA_WIDTH=32
Warning: Detected loop at $abc$4030$new_n839_ in $paramod\axi_lite_slave\ADDR_WIDTH=8\DATA_WIDTH=32
Warning: Detected loop at $0\reg_crc_data[31:0] [28] in $paramod\axi_lite_slave\ADDR_WIDTH=8\DATA_WIDTH=32
Warning: Detected loop at $abc$4030$new_n833_ in $paramod\axi_lite_slave\ADDR_WIDTH=8\DATA_WIDTH=32
Warning: Detected loop at $abc$4030$new_n833_ in $paramod\axi_lite_slave\ADDR_WIDTH=8\DATA_WIDTH=32
Warning: Detected loop at $0\reg_crc_data[31:0] [27] in $paramod\axi_lite_slave\ADDR_WIDTH=8\DATA_WIDTH=32
Warning: Detected loop at $abc$4030$new_n827_ in $paramod\axi_lite_slave\ADDR_WIDTH=8\DATA_WIDTH=32
Warning: Detected loop at $abc$4030$new_n827_ in $paramod\axi_lite_slave\ADDR_WIDTH=8\DATA_WIDTH=32
Warning: Detected loop at $0\reg_crc_data[31:0] [26] in $paramod\axi_lite_slave\ADDR_WIDTH=8\DATA_WIDTH=32
Warning: Detected loop at $abc$4030$new_n821_ in $paramod\axi_lite_slave\ADDR_WIDTH=8\DATA_WIDTH=32
Warning: Detected loop at $abc$4030$new_n821_ in $paramod\axi_lite_slave\ADDR_WIDTH=8\DATA_WIDTH=32
Warning: Detected loop at $0\reg_crc_data[31:0] [25] in $paramod\axi_lite_slave\ADDR_WIDTH=8\DATA_WIDTH=32
Warning: Detected loop at $abc$4030$new_n815_ in $paramod\axi_lite_slave\ADDR_WIDTH=8\DATA_WIDTH=32
Warning: Detected loop at $abc$4030$new_n815_ in $paramod\axi_lite_slave\ADDR_WIDTH=8\DATA_WIDTH=32
Warning: Detected loop at $0\reg_crc_data[31:0] [24] in $paramod\axi_lite_slave\ADDR_WIDTH=8\DATA_WIDTH=32
Warning: Detected loop at $abc$4030$new_n809_ in $paramod\axi_lite_slave\ADDR_WIDTH=8\DATA_WIDTH=32
Warning: Detected loop at $abc$4030$new_n809_ in $paramod\axi_lite_slave\ADDR_WIDTH=8\DATA_WIDTH=32
Warning: Detected loop at $0\reg_crc_data[31:0] [23] in $paramod\axi_lite_slave\ADDR_WIDTH=8\DATA_WIDTH=32
Warning: Detected loop at $abc$4030$new_n803_ in $paramod\axi_lite_slave\ADDR_WIDTH=8\DATA_WIDTH=32
Warning: Detected loop at $abc$4030$new_n803_ in $paramod\axi_lite_slave\ADDR_WIDTH=8\DATA_WIDTH=32
Warning: Detected loop at $0\reg_crc_data[31:0] [22] in $paramod\axi_lite_slave\ADDR_WIDTH=8\DATA_WIDTH=32
Warning: Detected loop at $abc$4030$new_n797_ in $paramod\axi_lite_slave\ADDR_WIDTH=8\DATA_WIDTH=32
Warning: Detected loop at $abc$4030$new_n797_ in $paramod\axi_lite_slave\ADDR_WIDTH=8\DATA_WIDTH=32
Warning: Detected loop at $0\reg_crc_data[31:0] [21] in $paramod\axi_lite_slave\ADDR_WIDTH=8\DATA_WIDTH=32
Warning: Detected loop at $abc$4030$new_n791_ in $paramod\axi_lite_slave\ADDR_WIDTH=8\DATA_WIDTH=32
Warning: Detected loop at $abc$4030$new_n791_ in $paramod\axi_lite_slave\ADDR_WIDTH=8\DATA_WIDTH=32
Warning: Detected loop at $0\reg_crc_data[31:0] [20] in $paramod\axi_lite_slave\ADDR_WIDTH=8\DATA_WIDTH=32
Warning: Detected loop at $abc$4030$new_n785_ in $paramod\axi_lite_slave\ADDR_WIDTH=8\DATA_WIDTH=32
Warning: Detected loop at $abc$4030$new_n785_ in $paramod\axi_lite_slave\ADDR_WIDTH=8\DATA_WIDTH=32
Warning: Detected loop at $0\reg_crc_data[31:0] [19] in $paramod\axi_lite_slave\ADDR_WIDTH=8\DATA_WIDTH=32
Warning: Detected loop at $abc$4030$new_n779_ in $paramod\axi_lite_slave\ADDR_WIDTH=8\DATA_WIDTH=32
Warning: Detected loop at $abc$4030$new_n779_ in $paramod\axi_lite_slave\ADDR_WIDTH=8\DATA_WIDTH=32
Warning: Detected loop at $0\reg_crc_data[31:0] [18] in $paramod\axi_lite_slave\ADDR_WIDTH=8\DATA_WIDTH=32
Warning: Detected loop at $abc$4030$new_n773_ in $paramod\axi_lite_slave\ADDR_WIDTH=8\DATA_WIDTH=32
Warning: Detected loop at $abc$4030$new_n773_ in $paramod\axi_lite_slave\ADDR_WIDTH=8\DATA_WIDTH=32
Warning: Detected loop at $0\reg_crc_data[31:0] [17] in $paramod\axi_lite_slave\ADDR_WIDTH=8\DATA_WIDTH=32
Warning: Detected loop at $abc$4030$new_n767_ in $paramod\axi_lite_slave\ADDR_WIDTH=8\DATA_WIDTH=32
Warning: Detected loop at $abc$4030$new_n767_ in $paramod\axi_lite_slave\ADDR_WIDTH=8\DATA_WIDTH=32
Warning: Detected loop at $0\reg_crc_data[31:0] [16] in $paramod\axi_lite_slave\ADDR_WIDTH=8\DATA_WIDTH=32
Warning: Detected loop at $abc$4030$new_n761_ in $paramod\axi_lite_slave\ADDR_WIDTH=8\DATA_WIDTH=32
Warning: Detected loop at $abc$4030$new_n761_ in $paramod\axi_lite_slave\ADDR_WIDTH=8\DATA_WIDTH=32
Warning: Detected loop at $0\reg_crc_data[31:0] [15] in $paramod\axi_lite_slave\ADDR_WIDTH=8\DATA_WIDTH=32
Warning: Detected loop at $abc$4030$new_n755_ in $paramod\axi_lite_slave\ADDR_WIDTH=8\DATA_WIDTH=32
Warning: Detected loop at $abc$4030$new_n755_ in $paramod\axi_lite_slave\ADDR_WIDTH=8\DATA_WIDTH=32
Warning: Detected loop at $0\reg_crc_data[31:0] [14] in $paramod\axi_lite_slave\ADDR_WIDTH=8\DATA_WIDTH=32
Warning: Detected loop at $abc$4030$new_n749_ in $paramod\axi_lite_slave\ADDR_WIDTH=8\DATA_WIDTH=32
Warning: Detected loop at $abc$4030$new_n749_ in $paramod\axi_lite_slave\ADDR_WIDTH=8\DATA_WIDTH=32
Warning: Detected loop at $0\reg_crc_data[31:0] [13] in $paramod\axi_lite_slave\ADDR_WIDTH=8\DATA_WIDTH=32
Warning: Detected loop at $abc$4030$new_n743_ in $paramod\axi_lite_slave\ADDR_WIDTH=8\DATA_WIDTH=32
Warning: Detected loop at $abc$4030$new_n743_ in $paramod\axi_lite_slave\ADDR_WIDTH=8\DATA_WIDTH=32
Warning: Detected loop at $0\reg_crc_data[31:0] [12] in $paramod\axi_lite_slave\ADDR_WIDTH=8\DATA_WIDTH=32
Warning: Detected loop at $abc$4030$new_n737_ in $paramod\axi_lite_slave\ADDR_WIDTH=8\DATA_WIDTH=32
Warning: Detected loop at $abc$4030$new_n737_ in $paramod\axi_lite_slave\ADDR_WIDTH=8\DATA_WIDTH=32
Warning: Detected loop at $0\reg_crc_data[31:0] [11] in $paramod\axi_lite_slave\ADDR_WIDTH=8\DATA_WIDTH=32
Warning: Detected loop at $abc$4030$new_n731_ in $paramod\axi_lite_slave\ADDR_WIDTH=8\DATA_WIDTH=32
Warning: Detected loop at $abc$4030$new_n731_ in $paramod\axi_lite_slave\ADDR_WIDTH=8\DATA_WIDTH=32
Warning: Detected loop at $0\reg_crc_data[31:0] [10] in $paramod\axi_lite_slave\ADDR_WIDTH=8\DATA_WIDTH=32
Warning: Detected loop at $abc$4030$new_n725_ in $paramod\axi_lite_slave\ADDR_WIDTH=8\DATA_WIDTH=32
Warning: Detected loop at $abc$4030$new_n725_ in $paramod\axi_lite_slave\ADDR_WIDTH=8\DATA_WIDTH=32
Warning: Detected loop at $0\reg_crc_data[31:0] [9] in $paramod\axi_lite_slave\ADDR_WIDTH=8\DATA_WIDTH=32
Warning: Detected loop at $abc$4030$new_n719_ in $paramod\axi_lite_slave\ADDR_WIDTH=8\DATA_WIDTH=32
Warning: Detected loop at $abc$4030$new_n719_ in $paramod\axi_lite_slave\ADDR_WIDTH=8\DATA_WIDTH=32
Warning: Detected loop at $0\reg_crc_data[31:0] [8] in $paramod\axi_lite_slave\ADDR_WIDTH=8\DATA_WIDTH=32
Warning: Detected loop at $abc$4030$new_n713_ in $paramod\axi_lite_slave\ADDR_WIDTH=8\DATA_WIDTH=32
Warning: Detected loop at $abc$4030$new_n713_ in $paramod\axi_lite_slave\ADDR_WIDTH=8\DATA_WIDTH=32
Warning: Detected loop at $0\reg_crc_data[31:0] [7] in $paramod\axi_lite_slave\ADDR_WIDTH=8\DATA_WIDTH=32
Warning: Detected loop at $abc$4030$new_n707_ in $paramod\axi_lite_slave\ADDR_WIDTH=8\DATA_WIDTH=32
Warning: Detected loop at $abc$4030$new_n707_ in $paramod\axi_lite_slave\ADDR_WIDTH=8\DATA_WIDTH=32
Warning: Detected loop at $0\reg_crc_data[31:0] [6] in $paramod\axi_lite_slave\ADDR_WIDTH=8\DATA_WIDTH=32
Warning: Detected loop at $abc$4030$new_n701_ in $paramod\axi_lite_slave\ADDR_WIDTH=8\DATA_WIDTH=32
Warning: Detected loop at $abc$4030$new_n701_ in $paramod\axi_lite_slave\ADDR_WIDTH=8\DATA_WIDTH=32
Warning: Detected loop at $0\reg_crc_data[31:0] [5] in $paramod\axi_lite_slave\ADDR_WIDTH=8\DATA_WIDTH=32
Warning: Detected loop at $abc$4030$new_n695_ in $paramod\axi_lite_slave\ADDR_WIDTH=8\DATA_WIDTH=32
Warning: Detected loop at $abc$4030$new_n695_ in $paramod\axi_lite_slave\ADDR_WIDTH=8\DATA_WIDTH=32
Warning: Detected loop at $0\reg_crc_data[31:0] [4] in $paramod\axi_lite_slave\ADDR_WIDTH=8\DATA_WIDTH=32
Warning: Detected loop at $abc$4030$new_n689_ in $paramod\axi_lite_slave\ADDR_WIDTH=8\DATA_WIDTH=32
Warning: Detected loop at $abc$4030$new_n689_ in $paramod\axi_lite_slave\ADDR_WIDTH=8\DATA_WIDTH=32
Warning: Detected loop at $0\reg_crc_data[31:0] [3] in $paramod\axi_lite_slave\ADDR_WIDTH=8\DATA_WIDTH=32
Warning: Detected loop at $abc$4030$new_n683_ in $paramod\axi_lite_slave\ADDR_WIDTH=8\DATA_WIDTH=32
Warning: Detected loop at $abc$4030$new_n683_ in $paramod\axi_lite_slave\ADDR_WIDTH=8\DATA_WIDTH=32
Warning: Detected loop at $0\reg_crc_data[31:0] [2] in $paramod\axi_lite_slave\ADDR_WIDTH=8\DATA_WIDTH=32
Warning: Detected loop at $abc$4030$new_n677_ in $paramod\axi_lite_slave\ADDR_WIDTH=8\DATA_WIDTH=32
Warning: Detected loop at $abc$4030$new_n677_ in $paramod\axi_lite_slave\ADDR_WIDTH=8\DATA_WIDTH=32
Warning: Detected loop at $0\reg_crc_data[31:0] [1] in $paramod\axi_lite_slave\ADDR_WIDTH=8\DATA_WIDTH=32
Warning: Detected loop at $abc$4030$new_n671_ in $paramod\axi_lite_slave\ADDR_WIDTH=8\DATA_WIDTH=32
Warning: Detected loop at $abc$4030$new_n671_ in $paramod\axi_lite_slave\ADDR_WIDTH=8\DATA_WIDTH=32
Warning: Detected loop at $0\reg_crc_data[31:0] [0] in $paramod\axi_lite_slave\ADDR_WIDTH=8\DATA_WIDTH=32
Warning: Detected loop at $abc$4030$new_n665_ in $paramod\axi_lite_slave\ADDR_WIDTH=8\DATA_WIDTH=32
Warning: Detected loop at $abc$4030$new_n665_ in $paramod\axi_lite_slave\ADDR_WIDTH=8\DATA_WIDTH=32
Warning: Detected loop at $0\s_wready[0:0] in $paramod\axi_lite_slave\ADDR_WIDTH=8\DATA_WIDTH=32
Warning: Detected loop at $abc$4030$new_n625_ in $paramod\axi_lite_slave\ADDR_WIDTH=8\DATA_WIDTH=32
Warning: Detected loop at \s_rvalid in $paramod\axi_lite_slave\ADDR_WIDTH=8\DATA_WIDTH=32
Warning: Detected loop at \s_rresp [1] in $paramod\axi_lite_slave\ADDR_WIDTH=8\DATA_WIDTH=32
Warning: Detected loop at \s_rresp [0] in $paramod\axi_lite_slave\ADDR_WIDTH=8\DATA_WIDTH=32
Warning: Detected loop at $0\reg_crc_result[31:0] [31] in $paramod\axi_lite_slave\ADDR_WIDTH=8\DATA_WIDTH=32
Warning: Detected loop at $0\s_rdata[31:0] [31] in $paramod\axi_lite_slave\ADDR_WIDTH=8\DATA_WIDTH=32
Warning: Detected loop at $0\reg_crc_result[31:0] [30] in $paramod\axi_lite_slave\ADDR_WIDTH=8\DATA_WIDTH=32
Warning: Detected loop at $0\s_rdata[31:0] [30] in $paramod\axi_lite_slave\ADDR_WIDTH=8\DATA_WIDTH=32
Warning: Detected loop at $0\reg_crc_result[31:0] [29] in $paramod\axi_lite_slave\ADDR_WIDTH=8\DATA_WIDTH=32
Warning: Detected loop at $0\s_rdata[31:0] [29] in $paramod\axi_lite_slave\ADDR_WIDTH=8\DATA_WIDTH=32
Warning: Detected loop at $0\reg_crc_result[31:0] [28] in $paramod\axi_lite_slave\ADDR_WIDTH=8\DATA_WIDTH=32
Warning: Detected loop at $0\s_rdata[31:0] [28] in $paramod\axi_lite_slave\ADDR_WIDTH=8\DATA_WIDTH=32
Warning: Detected loop at $0\reg_crc_result[31:0] [27] in $paramod\axi_lite_slave\ADDR_WIDTH=8\DATA_WIDTH=32
Warning: Detected loop at $0\s_rdata[31:0] [27] in $paramod\axi_lite_slave\ADDR_WIDTH=8\DATA_WIDTH=32
Warning: Detected loop at $0\reg_crc_result[31:0] [26] in $paramod\axi_lite_slave\ADDR_WIDTH=8\DATA_WIDTH=32
Warning: Detected loop at $0\s_rdata[31:0] [26] in $paramod\axi_lite_slave\ADDR_WIDTH=8\DATA_WIDTH=32
Warning: Detected loop at $0\reg_crc_result[31:0] [25] in $paramod\axi_lite_slave\ADDR_WIDTH=8\DATA_WIDTH=32
Warning: Detected loop at $0\s_rdata[31:0] [25] in $paramod\axi_lite_slave\ADDR_WIDTH=8\DATA_WIDTH=32
Warning: Detected loop at $0\reg_crc_result[31:0] [24] in $paramod\axi_lite_slave\ADDR_WIDTH=8\DATA_WIDTH=32
Warning: Detected loop at $0\s_rdata[31:0] [24] in $paramod\axi_lite_slave\ADDR_WIDTH=8\DATA_WIDTH=32
Warning: Detected loop at $0\reg_crc_result[31:0] [23] in $paramod\axi_lite_slave\ADDR_WIDTH=8\DATA_WIDTH=32
Warning: Detected loop at $0\s_rdata[31:0] [23] in $paramod\axi_lite_slave\ADDR_WIDTH=8\DATA_WIDTH=32
Warning: Detected loop at $0\reg_crc_result[31:0] [22] in $paramod\axi_lite_slave\ADDR_WIDTH=8\DATA_WIDTH=32
Warning: Detected loop at $0\s_rdata[31:0] [22] in $paramod\axi_lite_slave\ADDR_WIDTH=8\DATA_WIDTH=32
Warning: Detected loop at $0\reg_crc_result[31:0] [21] in $paramod\axi_lite_slave\ADDR_WIDTH=8\DATA_WIDTH=32
Warning: Detected loop at $0\s_rdata[31:0] [21] in $paramod\axi_lite_slave\ADDR_WIDTH=8\DATA_WIDTH=32
Warning: Detected loop at $0\reg_crc_result[31:0] [20] in $paramod\axi_lite_slave\ADDR_WIDTH=8\DATA_WIDTH=32
Warning: Detected loop at $0\s_rdata[31:0] [20] in $paramod\axi_lite_slave\ADDR_WIDTH=8\DATA_WIDTH=32
Warning: Detected loop at $0\reg_crc_result[31:0] [19] in $paramod\axi_lite_slave\ADDR_WIDTH=8\DATA_WIDTH=32
Warning: Detected loop at $0\s_rdata[31:0] [19] in $paramod\axi_lite_slave\ADDR_WIDTH=8\DATA_WIDTH=32
Warning: Detected loop at $0\reg_crc_result[31:0] [18] in $paramod\axi_lite_slave\ADDR_WIDTH=8\DATA_WIDTH=32
Warning: Detected loop at $0\s_rdata[31:0] [18] in $paramod\axi_lite_slave\ADDR_WIDTH=8\DATA_WIDTH=32
Warning: Detected loop at $0\reg_crc_result[31:0] [17] in $paramod\axi_lite_slave\ADDR_WIDTH=8\DATA_WIDTH=32
Warning: Detected loop at $0\s_rdata[31:0] [17] in $paramod\axi_lite_slave\ADDR_WIDTH=8\DATA_WIDTH=32
Warning: Detected loop at $0\reg_crc_result[31:0] [16] in $paramod\axi_lite_slave\ADDR_WIDTH=8\DATA_WIDTH=32
Warning: Detected loop at $0\s_rdata[31:0] [16] in $paramod\axi_lite_slave\ADDR_WIDTH=8\DATA_WIDTH=32
Warning: Detected loop at $0\reg_crc_result[31:0] [15] in $paramod\axi_lite_slave\ADDR_WIDTH=8\DATA_WIDTH=32
Warning: Detected loop at $0\s_rdata[31:0] [15] in $paramod\axi_lite_slave\ADDR_WIDTH=8\DATA_WIDTH=32
Warning: Detected loop at $0\reg_crc_result[31:0] [14] in $paramod\axi_lite_slave\ADDR_WIDTH=8\DATA_WIDTH=32
Warning: Detected loop at $0\s_rdata[31:0] [14] in $paramod\axi_lite_slave\ADDR_WIDTH=8\DATA_WIDTH=32
Warning: Detected loop at $0\reg_crc_result[31:0] [13] in $paramod\axi_lite_slave\ADDR_WIDTH=8\DATA_WIDTH=32
Warning: Detected loop at $0\s_rdata[31:0] [13] in $paramod\axi_lite_slave\ADDR_WIDTH=8\DATA_WIDTH=32
Warning: Detected loop at $0\reg_crc_result[31:0] [12] in $paramod\axi_lite_slave\ADDR_WIDTH=8\DATA_WIDTH=32
Warning: Detected loop at $0\s_rdata[31:0] [12] in $paramod\axi_lite_slave\ADDR_WIDTH=8\DATA_WIDTH=32
Warning: Detected loop at $0\reg_crc_result[31:0] [11] in $paramod\axi_lite_slave\ADDR_WIDTH=8\DATA_WIDTH=32
Warning: Detected loop at $0\s_rdata[31:0] [11] in $paramod\axi_lite_slave\ADDR_WIDTH=8\DATA_WIDTH=32
Warning: Detected loop at $0\reg_crc_result[31:0] [10] in $paramod\axi_lite_slave\ADDR_WIDTH=8\DATA_WIDTH=32
Warning: Detected loop at $0\s_rdata[31:0] [10] in $paramod\axi_lite_slave\ADDR_WIDTH=8\DATA_WIDTH=32
Warning: Detected loop at $0\reg_crc_result[31:0] [9] in $paramod\axi_lite_slave\ADDR_WIDTH=8\DATA_WIDTH=32
Warning: Detected loop at $0\s_rdata[31:0] [9] in $paramod\axi_lite_slave\ADDR_WIDTH=8\DATA_WIDTH=32
Warning: Detected loop at $0\reg_crc_result[31:0] [8] in $paramod\axi_lite_slave\ADDR_WIDTH=8\DATA_WIDTH=32
Warning: Detected loop at $0\s_rdata[31:0] [8] in $paramod\axi_lite_slave\ADDR_WIDTH=8\DATA_WIDTH=32
Warning: Detected loop at $0\reg_crc_result[31:0] [7] in $paramod\axi_lite_slave\ADDR_WIDTH=8\DATA_WIDTH=32
Warning: Detected loop at $0\s_rdata[31:0] [7] in $paramod\axi_lite_slave\ADDR_WIDTH=8\DATA_WIDTH=32
Warning: Detected loop at $0\reg_crc_result[31:0] [6] in $paramod\axi_lite_slave\ADDR_WIDTH=8\DATA_WIDTH=32
Warning: Detected loop at $0\s_rdata[31:0] [6] in $paramod\axi_lite_slave\ADDR_WIDTH=8\DATA_WIDTH=32
Warning: Detected loop at $0\reg_crc_result[31:0] [5] in $paramod\axi_lite_slave\ADDR_WIDTH=8\DATA_WIDTH=32
Warning: Detected loop at $0\s_rdata[31:0] [5] in $paramod\axi_lite_slave\ADDR_WIDTH=8\DATA_WIDTH=32
Warning: Detected loop at $0\reg_crc_result[31:0] [4] in $paramod\axi_lite_slave\ADDR_WIDTH=8\DATA_WIDTH=32
Warning: Detected loop at $0\s_rdata[31:0] [4] in $paramod\axi_lite_slave\ADDR_WIDTH=8\DATA_WIDTH=32
Warning: Detected loop at $0\reg_crc_result[31:0] [3] in $paramod\axi_lite_slave\ADDR_WIDTH=8\DATA_WIDTH=32
Warning: Detected loop at $0\s_rdata[31:0] [3] in $paramod\axi_lite_slave\ADDR_WIDTH=8\DATA_WIDTH=32
Warning: Detected loop at $0\reg_crc_result[31:0] [2] in $paramod\axi_lite_slave\ADDR_WIDTH=8\DATA_WIDTH=32
Warning: Detected loop at $0\s_rdata[31:0] [2] in $paramod\axi_lite_slave\ADDR_WIDTH=8\DATA_WIDTH=32
Warning: Detected loop at $0\reg_crc_result[31:0] [1] in $paramod\axi_lite_slave\ADDR_WIDTH=8\DATA_WIDTH=32
Warning: Detected loop at $0\s_rdata[31:0] [1] in $paramod\axi_lite_slave\ADDR_WIDTH=8\DATA_WIDTH=32
Warning: Detected loop at $0\reg_crc_result[31:0] [0] in $paramod\axi_lite_slave\ADDR_WIDTH=8\DATA_WIDTH=32
Warning: Detected loop at $0\s_rdata[31:0] [0] in $paramod\axi_lite_slave\ADDR_WIDTH=8\DATA_WIDTH=32
Warning: Detected loop at $0\s_bresp[1:0] [1] in $paramod\axi_lite_slave\ADDR_WIDTH=8\DATA_WIDTH=32
Warning: Detected loop at $0\reg_waddr[7:0] [7] in $paramod\axi_lite_slave\ADDR_WIDTH=8\DATA_WIDTH=32
Warning: Detected loop at $abc$4030$new_n652_ in $paramod\axi_lite_slave\ADDR_WIDTH=8\DATA_WIDTH=32
Warning: Detected loop at $0\reg_waddr[7:0] [6] in $paramod\axi_lite_slave\ADDR_WIDTH=8\DATA_WIDTH=32
Warning: Detected loop at $abc$4030$new_n650_ in $paramod\axi_lite_slave\ADDR_WIDTH=8\DATA_WIDTH=32
Warning: Detected loop at $0\reg_waddr[7:0] [5] in $paramod\axi_lite_slave\ADDR_WIDTH=8\DATA_WIDTH=32
Warning: Detected loop at $abc$4030$new_n648_ in $paramod\axi_lite_slave\ADDR_WIDTH=8\DATA_WIDTH=32
Warning: Detected loop at $0\reg_waddr[7:0] [4] in $paramod\axi_lite_slave\ADDR_WIDTH=8\DATA_WIDTH=32
Warning: Detected loop at $abc$4030$new_n646_ in $paramod\axi_lite_slave\ADDR_WIDTH=8\DATA_WIDTH=32
Warning: Detected loop at $0\reg_waddr[7:0] [3] in $paramod\axi_lite_slave\ADDR_WIDTH=8\DATA_WIDTH=32
Warning: Detected loop at $abc$4030$new_n644_ in $paramod\axi_lite_slave\ADDR_WIDTH=8\DATA_WIDTH=32
Warning: Detected loop at $0\reg_waddr[7:0] [2] in $paramod\axi_lite_slave\ADDR_WIDTH=8\DATA_WIDTH=32
Warning: Detected loop at $abc$4030$new_n642_ in $paramod\axi_lite_slave\ADDR_WIDTH=8\DATA_WIDTH=32
Warning: Detected loop at $0\reg_waddr[7:0] [1] in $paramod\axi_lite_slave\ADDR_WIDTH=8\DATA_WIDTH=32
Warning: Detected loop at $abc$4030$new_n640_ in $paramod\axi_lite_slave\ADDR_WIDTH=8\DATA_WIDTH=32
Warning: Detected loop at $0\reg_waddr[7:0] [0] in $paramod\axi_lite_slave\ADDR_WIDTH=8\DATA_WIDTH=32
Warning: Detected loop at $abc$4030$new_n638_ in $paramod\axi_lite_slave\ADDR_WIDTH=8\DATA_WIDTH=32
Warning: Detected loop at $0\reg_crc_result[31:0] [31] in $paramod\axi_lite_slave\ADDR_WIDTH=8\DATA_WIDTH=32
Warning: Detected loop at $0\s_rdata[31:0] [31] in $paramod\axi_lite_slave\ADDR_WIDTH=8\DATA_WIDTH=32
Warning: Detected loop at $0\reg_crc_result[31:0] [30] in $paramod\axi_lite_slave\ADDR_WIDTH=8\DATA_WIDTH=32
Warning: Detected loop at $0\s_rdata[31:0] [30] in $paramod\axi_lite_slave\ADDR_WIDTH=8\DATA_WIDTH=32
Warning: Detected loop at $0\reg_crc_result[31:0] [29] in $paramod\axi_lite_slave\ADDR_WIDTH=8\DATA_WIDTH=32
Warning: Detected loop at $0\s_rdata[31:0] [29] in $paramod\axi_lite_slave\ADDR_WIDTH=8\DATA_WIDTH=32
Warning: Detected loop at $0\reg_crc_result[31:0] [28] in $paramod\axi_lite_slave\ADDR_WIDTH=8\DATA_WIDTH=32
Warning: Detected loop at $0\s_rdata[31:0] [28] in $paramod\axi_lite_slave\ADDR_WIDTH=8\DATA_WIDTH=32
Warning: Detected loop at $0\reg_crc_result[31:0] [27] in $paramod\axi_lite_slave\ADDR_WIDTH=8\DATA_WIDTH=32
Warning: Detected loop at $0\s_rdata[31:0] [27] in $paramod\axi_lite_slave\ADDR_WIDTH=8\DATA_WIDTH=32
Warning: Detected loop at $0\reg_crc_result[31:0] [26] in $paramod\axi_lite_slave\ADDR_WIDTH=8\DATA_WIDTH=32
Warning: Detected loop at $0\s_rdata[31:0] [26] in $paramod\axi_lite_slave\ADDR_WIDTH=8\DATA_WIDTH=32
Warning: Detected loop at $0\reg_crc_result[31:0] [25] in $paramod\axi_lite_slave\ADDR_WIDTH=8\DATA_WIDTH=32
Warning: Detected loop at $0\s_rdata[31:0] [25] in $paramod\axi_lite_slave\ADDR_WIDTH=8\DATA_WIDTH=32
Warning: Detected loop at $0\reg_crc_result[31:0] [24] in $paramod\axi_lite_slave\ADDR_WIDTH=8\DATA_WIDTH=32
Warning: Detected loop at $0\s_rdata[31:0] [24] in $paramod\axi_lite_slave\ADDR_WIDTH=8\DATA_WIDTH=32
Warning: Detected loop at $0\reg_crc_result[31:0] [23] in $paramod\axi_lite_slave\ADDR_WIDTH=8\DATA_WIDTH=32
Warning: Detected loop at $0\s_rdata[31:0] [23] in $paramod\axi_lite_slave\ADDR_WIDTH=8\DATA_WIDTH=32
Warning: Detected loop at $0\reg_crc_result[31:0] [22] in $paramod\axi_lite_slave\ADDR_WIDTH=8\DATA_WIDTH=32
Warning: Detected loop at $0\s_rdata[31:0] [22] in $paramod\axi_lite_slave\ADDR_WIDTH=8\DATA_WIDTH=32
Warning: Detected loop at $0\reg_crc_result[31:0] [21] in $paramod\axi_lite_slave\ADDR_WIDTH=8\DATA_WIDTH=32
Warning: Detected loop at $0\s_rdata[31:0] [21] in $paramod\axi_lite_slave\ADDR_WIDTH=8\DATA_WIDTH=32
Warning: Detected loop at $0\reg_crc_result[31:0] [20] in $paramod\axi_lite_slave\ADDR_WIDTH=8\DATA_WIDTH=32
Warning: Detected loop at $0\s_rdata[31:0] [20] in $paramod\axi_lite_slave\ADDR_WIDTH=8\DATA_WIDTH=32
Warning: Detected loop at $0\reg_crc_result[31:0] [19] in $paramod\axi_lite_slave\ADDR_WIDTH=8\DATA_WIDTH=32
Warning: Detected loop at $0\s_rdata[31:0] [19] in $paramod\axi_lite_slave\ADDR_WIDTH=8\DATA_WIDTH=32
Warning: Detected loop at $0\reg_crc_result[31:0] [18] in $paramod\axi_lite_slave\ADDR_WIDTH=8\DATA_WIDTH=32
Warning: Detected loop at $0\s_rdata[31:0] [18] in $paramod\axi_lite_slave\ADDR_WIDTH=8\DATA_WIDTH=32
Warning: Detected loop at $0\reg_crc_result[31:0] [17] in $paramod\axi_lite_slave\ADDR_WIDTH=8\DATA_WIDTH=32
Warning: Detected loop at $0\s_rdata[31:0] [17] in $paramod\axi_lite_slave\ADDR_WIDTH=8\DATA_WIDTH=32
Warning: Detected loop at $0\reg_crc_result[31:0] [16] in $paramod\axi_lite_slave\ADDR_WIDTH=8\DATA_WIDTH=32
Warning: Detected loop at $0\s_rdata[31:0] [16] in $paramod\axi_lite_slave\ADDR_WIDTH=8\DATA_WIDTH=32
Warning: Detected loop at $0\reg_crc_result[31:0] [15] in $paramod\axi_lite_slave\ADDR_WIDTH=8\DATA_WIDTH=32
Warning: Detected loop at $0\s_rdata[31:0] [15] in $paramod\axi_lite_slave\ADDR_WIDTH=8\DATA_WIDTH=32
Warning: Detected loop at $0\reg_crc_result[31:0] [14] in $paramod\axi_lite_slave\ADDR_WIDTH=8\DATA_WIDTH=32
Warning: Detected loop at $0\s_rdata[31:0] [14] in $paramod\axi_lite_slave\ADDR_WIDTH=8\DATA_WIDTH=32
Warning: Detected loop at $0\reg_crc_result[31:0] [13] in $paramod\axi_lite_slave\ADDR_WIDTH=8\DATA_WIDTH=32
Warning: Detected loop at $0\s_rdata[31:0] [13] in $paramod\axi_lite_slave\ADDR_WIDTH=8\DATA_WIDTH=32
Warning: Detected loop at $0\reg_crc_result[31:0] [12] in $paramod\axi_lite_slave\ADDR_WIDTH=8\DATA_WIDTH=32
Warning: Detected loop at $0\s_rdata[31:0] [12] in $paramod\axi_lite_slave\ADDR_WIDTH=8\DATA_WIDTH=32
Warning: Detected loop at $0\reg_crc_result[31:0] [11] in $paramod\axi_lite_slave\ADDR_WIDTH=8\DATA_WIDTH=32
Warning: Detected loop at $0\s_rdata[31:0] [11] in $paramod\axi_lite_slave\ADDR_WIDTH=8\DATA_WIDTH=32
Warning: Detected loop at $0\reg_crc_result[31:0] [10] in $paramod\axi_lite_slave\ADDR_WIDTH=8\DATA_WIDTH=32
Warning: Detected loop at $0\s_rdata[31:0] [10] in $paramod\axi_lite_slave\ADDR_WIDTH=8\DATA_WIDTH=32
Warning: Detected loop at $0\reg_crc_result[31:0] [9] in $paramod\axi_lite_slave\ADDR_WIDTH=8\DATA_WIDTH=32
Warning: Detected loop at $0\s_rdata[31:0] [9] in $paramod\axi_lite_slave\ADDR_WIDTH=8\DATA_WIDTH=32
Warning: Detected loop at $0\reg_crc_result[31:0] [8] in $paramod\axi_lite_slave\ADDR_WIDTH=8\DATA_WIDTH=32
Warning: Detected loop at $0\s_rdata[31:0] [8] in $paramod\axi_lite_slave\ADDR_WIDTH=8\DATA_WIDTH=32
Warning: Detected loop at $0\reg_crc_result[31:0] [7] in $paramod\axi_lite_slave\ADDR_WIDTH=8\DATA_WIDTH=32
Warning: Detected loop at $0\s_rdata[31:0] [7] in $paramod\axi_lite_slave\ADDR_WIDTH=8\DATA_WIDTH=32
Warning: Detected loop at $0\reg_crc_result[31:0] [6] in $paramod\axi_lite_slave\ADDR_WIDTH=8\DATA_WIDTH=32
Warning: Detected loop at $0\s_rdata[31:0] [6] in $paramod\axi_lite_slave\ADDR_WIDTH=8\DATA_WIDTH=32
Warning: Detected loop at $0\reg_crc_result[31:0] [5] in $paramod\axi_lite_slave\ADDR_WIDTH=8\DATA_WIDTH=32
Warning: Detected loop at $0\s_rdata[31:0] [5] in $paramod\axi_lite_slave\ADDR_WIDTH=8\DATA_WIDTH=32
Warning: Detected loop at $0\reg_crc_result[31:0] [4] in $paramod\axi_lite_slave\ADDR_WIDTH=8\DATA_WIDTH=32
Warning: Detected loop at $0\s_rdata[31:0] [4] in $paramod\axi_lite_slave\ADDR_WIDTH=8\DATA_WIDTH=32
Warning: Detected loop at $0\reg_crc_result[31:0] [3] in $paramod\axi_lite_slave\ADDR_WIDTH=8\DATA_WIDTH=32
Warning: Detected loop at $0\s_rdata[31:0] [3] in $paramod\axi_lite_slave\ADDR_WIDTH=8\DATA_WIDTH=32
Warning: Detected loop at $0\reg_crc_result[31:0] [2] in $paramod\axi_lite_slave\ADDR_WIDTH=8\DATA_WIDTH=32
Warning: Detected loop at $0\s_rdata[31:0] [2] in $paramod\axi_lite_slave\ADDR_WIDTH=8\DATA_WIDTH=32
Warning: Detected loop at $0\reg_crc_result[31:0] [1] in $paramod\axi_lite_slave\ADDR_WIDTH=8\DATA_WIDTH=32
Warning: Detected loop at $0\s_rdata[31:0] [1] in $paramod\axi_lite_slave\ADDR_WIDTH=8\DATA_WIDTH=32
Warning: Detected loop at $0\reg_crc_result[31:0] [0] in $paramod\axi_lite_slave\ADDR_WIDTH=8\DATA_WIDTH=32
Warning: Detected loop at $0\s_rdata[31:0] [0] in $paramod\axi_lite_slave\ADDR_WIDTH=8\DATA_WIDTH=32
Warning: Detected loop at $0\s_bvalid[0:0] in $paramod\axi_lite_slave\ADDR_WIDTH=8\DATA_WIDTH=32
Warning: Detected loop at $0\s_bresp[1:0] [1] in $paramod\axi_lite_slave\ADDR_WIDTH=8\DATA_WIDTH=32
Warning: Detected loop at $0\s_bresp[1:0] [0] in $paramod\axi_lite_slave\ADDR_WIDTH=8\DATA_WIDTH=32
Warning: Detected loop at $0\reg_crc_result[31:0] [31] in $paramod\axi_lite_slave\ADDR_WIDTH=8\DATA_WIDTH=32
Warning: Detected loop at $0\s_rdata[31:0] [31] in $paramod\axi_lite_slave\ADDR_WIDTH=8\DATA_WIDTH=32
Warning: Detected loop at $0\reg_crc_result[31:0] [30] in $paramod\axi_lite_slave\ADDR_WIDTH=8\DATA_WIDTH=32
Warning: Detected loop at $0\s_rdata[31:0] [30] in $paramod\axi_lite_slave\ADDR_WIDTH=8\DATA_WIDTH=32
Warning: Detected loop at $0\reg_crc_result[31:0] [29] in $paramod\axi_lite_slave\ADDR_WIDTH=8\DATA_WIDTH=32
Warning: Detected loop at $0\s_rdata[31:0] [29] in $paramod\axi_lite_slave\ADDR_WIDTH=8\DATA_WIDTH=32
Warning: Detected loop at $0\reg_crc_result[31:0] [28] in $paramod\axi_lite_slave\ADDR_WIDTH=8\DATA_WIDTH=32
Warning: Detected loop at $0\s_rdata[31:0] [28] in $paramod\axi_lite_slave\ADDR_WIDTH=8\DATA_WIDTH=32
Warning: Detected loop at $0\reg_crc_result[31:0] [27] in $paramod\axi_lite_slave\ADDR_WIDTH=8\DATA_WIDTH=32
Warning: Detected loop at $0\s_rdata[31:0] [27] in $paramod\axi_lite_slave\ADDR_WIDTH=8\DATA_WIDTH=32
Warning: Detected loop at $0\reg_crc_result[31:0] [26] in $paramod\axi_lite_slave\ADDR_WIDTH=8\DATA_WIDTH=32
Warning: Detected loop at $0\s_rdata[31:0] [26] in $paramod\axi_lite_slave\ADDR_WIDTH=8\DATA_WIDTH=32
Warning: Detected loop at $0\reg_crc_result[31:0] [25] in $paramod\axi_lite_slave\ADDR_WIDTH=8\DATA_WIDTH=32
Warning: Detected loop at $0\s_rdata[31:0] [25] in $paramod\axi_lite_slave\ADDR_WIDTH=8\DATA_WIDTH=32
Warning: Detected loop at $0\reg_crc_result[31:0] [24] in $paramod\axi_lite_slave\ADDR_WIDTH=8\DATA_WIDTH=32
Warning: Detected loop at $0\s_rdata[31:0] [24] in $paramod\axi_lite_slave\ADDR_WIDTH=8\DATA_WIDTH=32
Warning: Detected loop at $0\reg_crc_result[31:0] [23] in $paramod\axi_lite_slave\ADDR_WIDTH=8\DATA_WIDTH=32
Warning: Detected loop at $0\s_rdata[31:0] [23] in $paramod\axi_lite_slave\ADDR_WIDTH=8\DATA_WIDTH=32
Warning: Detected loop at $0\reg_crc_result[31:0] [22] in $paramod\axi_lite_slave\ADDR_WIDTH=8\DATA_WIDTH=32
Warning: Detected loop at $0\s_rdata[31:0] [22] in $paramod\axi_lite_slave\ADDR_WIDTH=8\DATA_WIDTH=32
Warning: Detected loop at $0\reg_crc_result[31:0] [21] in $paramod\axi_lite_slave\ADDR_WIDTH=8\DATA_WIDTH=32
Warning: Detected loop at $0\s_rdata[31:0] [21] in $paramod\axi_lite_slave\ADDR_WIDTH=8\DATA_WIDTH=32
Warning: Detected loop at $0\reg_crc_result[31:0] [20] in $paramod\axi_lite_slave\ADDR_WIDTH=8\DATA_WIDTH=32
Warning: Detected loop at $0\s_rdata[31:0] [20] in $paramod\axi_lite_slave\ADDR_WIDTH=8\DATA_WIDTH=32
Warning: Detected loop at $0\reg_crc_result[31:0] [19] in $paramod\axi_lite_slave\ADDR_WIDTH=8\DATA_WIDTH=32
Warning: Detected loop at $0\s_rdata[31:0] [19] in $paramod\axi_lite_slave\ADDR_WIDTH=8\DATA_WIDTH=32
Warning: Detected loop at $0\reg_crc_result[31:0] [18] in $paramod\axi_lite_slave\ADDR_WIDTH=8\DATA_WIDTH=32
Warning: Detected loop at $0\s_rdata[31:0] [18] in $paramod\axi_lite_slave\ADDR_WIDTH=8\DATA_WIDTH=32
Warning: Detected loop at $0\reg_crc_result[31:0] [17] in $paramod\axi_lite_slave\ADDR_WIDTH=8\DATA_WIDTH=32
Warning: Detected loop at $0\s_rdata[31:0] [17] in $paramod\axi_lite_slave\ADDR_WIDTH=8\DATA_WIDTH=32
Warning: Detected loop at $0\reg_crc_result[31:0] [16] in $paramod\axi_lite_slave\ADDR_WIDTH=8\DATA_WIDTH=32
Warning: Detected loop at $0\s_rdata[31:0] [16] in $paramod\axi_lite_slave\ADDR_WIDTH=8\DATA_WIDTH=32
Warning: Detected loop at $0\reg_crc_result[31:0] [15] in $paramod\axi_lite_slave\ADDR_WIDTH=8\DATA_WIDTH=32
Warning: Detected loop at $0\s_rdata[31:0] [15] in $paramod\axi_lite_slave\ADDR_WIDTH=8\DATA_WIDTH=32
Warning: Detected loop at $0\reg_crc_result[31:0] [14] in $paramod\axi_lite_slave\ADDR_WIDTH=8\DATA_WIDTH=32
Warning: Detected loop at $0\s_rdata[31:0] [14] in $paramod\axi_lite_slave\ADDR_WIDTH=8\DATA_WIDTH=32
Warning: Detected loop at $0\reg_crc_result[31:0] [13] in $paramod\axi_lite_slave\ADDR_WIDTH=8\DATA_WIDTH=32
Warning: Detected loop at $0\s_rdata[31:0] [13] in $paramod\axi_lite_slave\ADDR_WIDTH=8\DATA_WIDTH=32
Warning: Detected loop at $0\reg_crc_result[31:0] [12] in $paramod\axi_lite_slave\ADDR_WIDTH=8\DATA_WIDTH=32
Warning: Detected loop at $0\s_rdata[31:0] [12] in $paramod\axi_lite_slave\ADDR_WIDTH=8\DATA_WIDTH=32
Warning: Detected loop at $0\reg_crc_result[31:0] [11] in $paramod\axi_lite_slave\ADDR_WIDTH=8\DATA_WIDTH=32
Warning: Detected loop at $0\s_rdata[31:0] [11] in $paramod\axi_lite_slave\ADDR_WIDTH=8\DATA_WIDTH=32
Warning: Detected loop at $0\reg_crc_result[31:0] [10] in $paramod\axi_lite_slave\ADDR_WIDTH=8\DATA_WIDTH=32
Warning: Detected loop at $0\s_rdata[31:0] [10] in $paramod\axi_lite_slave\ADDR_WIDTH=8\DATA_WIDTH=32
Warning: Detected loop at $0\reg_crc_result[31:0] [9] in $paramod\axi_lite_slave\ADDR_WIDTH=8\DATA_WIDTH=32
Warning: Detected loop at $0\s_rdata[31:0] [9] in $paramod\axi_lite_slave\ADDR_WIDTH=8\DATA_WIDTH=32
Warning: Detected loop at $0\reg_crc_result[31:0] [8] in $paramod\axi_lite_slave\ADDR_WIDTH=8\DATA_WIDTH=32
Warning: Detected loop at $0\s_rdata[31:0] [8] in $paramod\axi_lite_slave\ADDR_WIDTH=8\DATA_WIDTH=32
Warning: Detected loop at $0\reg_crc_result[31:0] [7] in $paramod\axi_lite_slave\ADDR_WIDTH=8\DATA_WIDTH=32
Warning: Detected loop at $0\s_rdata[31:0] [7] in $paramod\axi_lite_slave\ADDR_WIDTH=8\DATA_WIDTH=32
Warning: Detected loop at $0\reg_crc_result[31:0] [6] in $paramod\axi_lite_slave\ADDR_WIDTH=8\DATA_WIDTH=32
Warning: Detected loop at $0\s_rdata[31:0] [6] in $paramod\axi_lite_slave\ADDR_WIDTH=8\DATA_WIDTH=32
Warning: Detected loop at $0\reg_crc_result[31:0] [5] in $paramod\axi_lite_slave\ADDR_WIDTH=8\DATA_WIDTH=32
Warning: Detected loop at $0\s_rdata[31:0] [5] in $paramod\axi_lite_slave\ADDR_WIDTH=8\DATA_WIDTH=32
Warning: Detected loop at $0\reg_crc_result[31:0] [4] in $paramod\axi_lite_slave\ADDR_WIDTH=8\DATA_WIDTH=32
Warning: Detected loop at $0\s_rdata[31:0] [4] in $paramod\axi_lite_slave\ADDR_WIDTH=8\DATA_WIDTH=32
Warning: Detected loop at $0\reg_crc_result[31:0] [3] in $paramod\axi_lite_slave\ADDR_WIDTH=8\DATA_WIDTH=32
Warning: Detected loop at $0\s_rdata[31:0] [3] in $paramod\axi_lite_slave\ADDR_WIDTH=8\DATA_WIDTH=32
Warning: Detected loop at $0\reg_crc_result[31:0] [2] in $paramod\axi_lite_slave\ADDR_WIDTH=8\DATA_WIDTH=32
Warning: Detected loop at $0\s_rdata[31:0] [2] in $paramod\axi_lite_slave\ADDR_WIDTH=8\DATA_WIDTH=32
Warning: Detected loop at $0\reg_crc_result[31:0] [1] in $paramod\axi_lite_slave\ADDR_WIDTH=8\DATA_WIDTH=32
Warning: Detected loop at $0\s_rdata[31:0] [1] in $paramod\axi_lite_slave\ADDR_WIDTH=8\DATA_WIDTH=32
Warning: Detected loop at $0\reg_crc_result[31:0] [0] in $paramod\axi_lite_slave\ADDR_WIDTH=8\DATA_WIDTH=32
Warning: Detected loop at $0\s_rdata[31:0] [0] in $paramod\axi_lite_slave\ADDR_WIDTH=8\DATA_WIDTH=32
Warning: Detected loop at $0\s_bvalid[0:0] in $paramod\axi_lite_slave\ADDR_WIDTH=8\DATA_WIDTH=32
Warning: Detected loop at $0\s_bresp[1:0] [1] in $paramod\axi_lite_slave\ADDR_WIDTH=8\DATA_WIDTH=32
Warning: Detected loop at $0\s_bresp[1:0] [0] in $paramod\axi_lite_slave\ADDR_WIDTH=8\DATA_WIDTH=32
Warning: Detected loop at $0\w_receive[0:0] in $paramod\axi_lite_slave\ADDR_WIDTH=8\DATA_WIDTH=32
Warning: Detected loop at $abc$4030$new_n634_ in $paramod\axi_lite_slave\ADDR_WIDTH=8\DATA_WIDTH=32
Warning: Detected loop at $abc$4030$new_n632_ in $paramod\axi_lite_slave\ADDR_WIDTH=8\DATA_WIDTH=32
Warning: Detected loop at $0\aw_receive[0:0] in $paramod\axi_lite_slave\ADDR_WIDTH=8\DATA_WIDTH=32
Warning: Detected loop at $abc$4030$new_n628_ in $paramod\axi_lite_slave\ADDR_WIDTH=8\DATA_WIDTH=32
Warning: Detected loop at $0\reg_crc_initial[31:0] [31] in $paramod\axi_lite_slave\ADDR_WIDTH=8\DATA_WIDTH=32
Warning: Detected loop at $0\reg_crc_initial[31:0] [31] in $paramod\axi_lite_slave\ADDR_WIDTH=8\DATA_WIDTH=32
Warning: Detected loop at $0\reg_crc_initial[31:0] [31] in $paramod\axi_lite_slave\ADDR_WIDTH=8\DATA_WIDTH=32
Warning: Detected loop at $0\reg_crc_initial[31:0] [30] in $paramod\axi_lite_slave\ADDR_WIDTH=8\DATA_WIDTH=32
Warning: Detected loop at $0\reg_crc_initial[31:0] [30] in $paramod\axi_lite_slave\ADDR_WIDTH=8\DATA_WIDTH=32
Warning: Detected loop at $0\reg_crc_initial[31:0] [30] in $paramod\axi_lite_slave\ADDR_WIDTH=8\DATA_WIDTH=32
Warning: Detected loop at $0\reg_crc_initial[31:0] [29] in $paramod\axi_lite_slave\ADDR_WIDTH=8\DATA_WIDTH=32
Warning: Detected loop at $0\reg_crc_initial[31:0] [29] in $paramod\axi_lite_slave\ADDR_WIDTH=8\DATA_WIDTH=32
Warning: Detected loop at $0\reg_crc_initial[31:0] [29] in $paramod\axi_lite_slave\ADDR_WIDTH=8\DATA_WIDTH=32
Warning: Detected loop at $0\reg_crc_initial[31:0] [28] in $paramod\axi_lite_slave\ADDR_WIDTH=8\DATA_WIDTH=32
Warning: Detected loop at $0\reg_crc_initial[31:0] [28] in $paramod\axi_lite_slave\ADDR_WIDTH=8\DATA_WIDTH=32
Warning: Detected loop at $0\reg_crc_initial[31:0] [28] in $paramod\axi_lite_slave\ADDR_WIDTH=8\DATA_WIDTH=32
Warning: Detected loop at $0\reg_crc_initial[31:0] [27] in $paramod\axi_lite_slave\ADDR_WIDTH=8\DATA_WIDTH=32
Warning: Detected loop at $0\reg_crc_initial[31:0] [27] in $paramod\axi_lite_slave\ADDR_WIDTH=8\DATA_WIDTH=32
Warning: Detected loop at $0\reg_crc_initial[31:0] [27] in $paramod\axi_lite_slave\ADDR_WIDTH=8\DATA_WIDTH=32
Warning: Detected loop at $0\reg_crc_initial[31:0] [26] in $paramod\axi_lite_slave\ADDR_WIDTH=8\DATA_WIDTH=32
Warning: Detected loop at $0\reg_crc_initial[31:0] [26] in $paramod\axi_lite_slave\ADDR_WIDTH=8\DATA_WIDTH=32
Warning: Detected loop at $0\reg_crc_initial[31:0] [26] in $paramod\axi_lite_slave\ADDR_WIDTH=8\DATA_WIDTH=32
Warning: Detected loop at $0\reg_crc_initial[31:0] [25] in $paramod\axi_lite_slave\ADDR_WIDTH=8\DATA_WIDTH=32
Warning: Detected loop at $0\reg_crc_initial[31:0] [25] in $paramod\axi_lite_slave\ADDR_WIDTH=8\DATA_WIDTH=32
Warning: Detected loop at $0\reg_crc_initial[31:0] [25] in $paramod\axi_lite_slave\ADDR_WIDTH=8\DATA_WIDTH=32
Warning: Detected loop at $0\reg_crc_initial[31:0] [24] in $paramod\axi_lite_slave\ADDR_WIDTH=8\DATA_WIDTH=32
Warning: Detected loop at $0\reg_crc_initial[31:0] [24] in $paramod\axi_lite_slave\ADDR_WIDTH=8\DATA_WIDTH=32
Warning: Detected loop at $0\reg_crc_initial[31:0] [24] in $paramod\axi_lite_slave\ADDR_WIDTH=8\DATA_WIDTH=32
Warning: Detected loop at $0\reg_crc_initial[31:0] [23] in $paramod\axi_lite_slave\ADDR_WIDTH=8\DATA_WIDTH=32
Warning: Detected loop at $0\reg_crc_initial[31:0] [23] in $paramod\axi_lite_slave\ADDR_WIDTH=8\DATA_WIDTH=32
Warning: Detected loop at $0\reg_crc_initial[31:0] [23] in $paramod\axi_lite_slave\ADDR_WIDTH=8\DATA_WIDTH=32
Warning: Detected loop at $0\reg_crc_initial[31:0] [22] in $paramod\axi_lite_slave\ADDR_WIDTH=8\DATA_WIDTH=32
Warning: Detected loop at $0\reg_crc_initial[31:0] [22] in $paramod\axi_lite_slave\ADDR_WIDTH=8\DATA_WIDTH=32
Warning: Detected loop at $0\reg_crc_initial[31:0] [22] in $paramod\axi_lite_slave\ADDR_WIDTH=8\DATA_WIDTH=32
Warning: Detected loop at $0\reg_crc_initial[31:0] [21] in $paramod\axi_lite_slave\ADDR_WIDTH=8\DATA_WIDTH=32
Warning: Detected loop at $0\reg_crc_initial[31:0] [21] in $paramod\axi_lite_slave\ADDR_WIDTH=8\DATA_WIDTH=32
Warning: Detected loop at $0\reg_crc_initial[31:0] [21] in $paramod\axi_lite_slave\ADDR_WIDTH=8\DATA_WIDTH=32
Warning: Detected loop at $0\reg_crc_initial[31:0] [20] in $paramod\axi_lite_slave\ADDR_WIDTH=8\DATA_WIDTH=32
Warning: Detected loop at $0\reg_crc_initial[31:0] [20] in $paramod\axi_lite_slave\ADDR_WIDTH=8\DATA_WIDTH=32
Warning: Detected loop at $0\reg_crc_initial[31:0] [20] in $paramod\axi_lite_slave\ADDR_WIDTH=8\DATA_WIDTH=32
Warning: Detected loop at $0\reg_crc_initial[31:0] [19] in $paramod\axi_lite_slave\ADDR_WIDTH=8\DATA_WIDTH=32
Warning: Detected loop at $0\reg_crc_initial[31:0] [19] in $paramod\axi_lite_slave\ADDR_WIDTH=8\DATA_WIDTH=32
Warning: Detected loop at $0\reg_crc_initial[31:0] [19] in $paramod\axi_lite_slave\ADDR_WIDTH=8\DATA_WIDTH=32
Warning: Detected loop at $0\reg_crc_initial[31:0] [18] in $paramod\axi_lite_slave\ADDR_WIDTH=8\DATA_WIDTH=32
Warning: Detected loop at $0\reg_crc_initial[31:0] [18] in $paramod\axi_lite_slave\ADDR_WIDTH=8\DATA_WIDTH=32
Warning: Detected loop at $0\reg_crc_initial[31:0] [18] in $paramod\axi_lite_slave\ADDR_WIDTH=8\DATA_WIDTH=32
Warning: Detected loop at $0\reg_crc_initial[31:0] [17] in $paramod\axi_lite_slave\ADDR_WIDTH=8\DATA_WIDTH=32
Warning: Detected loop at $0\reg_crc_initial[31:0] [17] in $paramod\axi_lite_slave\ADDR_WIDTH=8\DATA_WIDTH=32
Warning: Detected loop at $0\reg_crc_initial[31:0] [17] in $paramod\axi_lite_slave\ADDR_WIDTH=8\DATA_WIDTH=32
Warning: Detected loop at $0\reg_crc_initial[31:0] [16] in $paramod\axi_lite_slave\ADDR_WIDTH=8\DATA_WIDTH=32
Warning: Detected loop at $0\reg_crc_initial[31:0] [16] in $paramod\axi_lite_slave\ADDR_WIDTH=8\DATA_WIDTH=32
Warning: Detected loop at $0\reg_crc_initial[31:0] [16] in $paramod\axi_lite_slave\ADDR_WIDTH=8\DATA_WIDTH=32
Warning: Detected loop at $0\reg_crc_initial[31:0] [15] in $paramod\axi_lite_slave\ADDR_WIDTH=8\DATA_WIDTH=32
Warning: Detected loop at $0\reg_crc_initial[31:0] [15] in $paramod\axi_lite_slave\ADDR_WIDTH=8\DATA_WIDTH=32
Warning: Detected loop at $0\reg_crc_initial[31:0] [15] in $paramod\axi_lite_slave\ADDR_WIDTH=8\DATA_WIDTH=32
Warning: Detected loop at $0\reg_crc_initial[31:0] [14] in $paramod\axi_lite_slave\ADDR_WIDTH=8\DATA_WIDTH=32
Warning: Detected loop at $0\reg_crc_initial[31:0] [14] in $paramod\axi_lite_slave\ADDR_WIDTH=8\DATA_WIDTH=32
Warning: Detected loop at $0\reg_crc_initial[31:0] [14] in $paramod\axi_lite_slave\ADDR_WIDTH=8\DATA_WIDTH=32
Warning: Detected loop at $0\reg_crc_initial[31:0] [13] in $paramod\axi_lite_slave\ADDR_WIDTH=8\DATA_WIDTH=32
Warning: Detected loop at $0\reg_crc_initial[31:0] [13] in $paramod\axi_lite_slave\ADDR_WIDTH=8\DATA_WIDTH=32
Warning: Detected loop at $0\reg_crc_initial[31:0] [13] in $paramod\axi_lite_slave\ADDR_WIDTH=8\DATA_WIDTH=32
Warning: Detected loop at $0\reg_crc_initial[31:0] [12] in $paramod\axi_lite_slave\ADDR_WIDTH=8\DATA_WIDTH=32
Warning: Detected loop at $0\reg_crc_initial[31:0] [12] in $paramod\axi_lite_slave\ADDR_WIDTH=8\DATA_WIDTH=32
Warning: Detected loop at $0\reg_crc_initial[31:0] [12] in $paramod\axi_lite_slave\ADDR_WIDTH=8\DATA_WIDTH=32
Warning: Detected loop at $0\reg_crc_initial[31:0] [11] in $paramod\axi_lite_slave\ADDR_WIDTH=8\DATA_WIDTH=32
Warning: Detected loop at $0\reg_crc_initial[31:0] [11] in $paramod\axi_lite_slave\ADDR_WIDTH=8\DATA_WIDTH=32
Warning: Detected loop at $0\reg_crc_initial[31:0] [11] in $paramod\axi_lite_slave\ADDR_WIDTH=8\DATA_WIDTH=32
Warning: Detected loop at $0\reg_crc_initial[31:0] [10] in $paramod\axi_lite_slave\ADDR_WIDTH=8\DATA_WIDTH=32
Warning: Detected loop at $0\reg_crc_initial[31:0] [10] in $paramod\axi_lite_slave\ADDR_WIDTH=8\DATA_WIDTH=32
Warning: Detected loop at $0\reg_crc_initial[31:0] [10] in $paramod\axi_lite_slave\ADDR_WIDTH=8\DATA_WIDTH=32
Warning: Detected loop at $0\reg_crc_initial[31:0] [9] in $paramod\axi_lite_slave\ADDR_WIDTH=8\DATA_WIDTH=32
Warning: Detected loop at $0\reg_crc_initial[31:0] [9] in $paramod\axi_lite_slave\ADDR_WIDTH=8\DATA_WIDTH=32
Warning: Detected loop at $0\reg_crc_initial[31:0] [9] in $paramod\axi_lite_slave\ADDR_WIDTH=8\DATA_WIDTH=32
Warning: Detected loop at $0\reg_crc_initial[31:0] [8] in $paramod\axi_lite_slave\ADDR_WIDTH=8\DATA_WIDTH=32
Warning: Detected loop at $0\reg_crc_initial[31:0] [8] in $paramod\axi_lite_slave\ADDR_WIDTH=8\DATA_WIDTH=32
Warning: Detected loop at $0\reg_crc_initial[31:0] [8] in $paramod\axi_lite_slave\ADDR_WIDTH=8\DATA_WIDTH=32
Warning: Detected loop at $0\reg_crc_initial[31:0] [7] in $paramod\axi_lite_slave\ADDR_WIDTH=8\DATA_WIDTH=32
Warning: Detected loop at $0\reg_crc_initial[31:0] [7] in $paramod\axi_lite_slave\ADDR_WIDTH=8\DATA_WIDTH=32
Warning: Detected loop at $0\reg_crc_initial[31:0] [7] in $paramod\axi_lite_slave\ADDR_WIDTH=8\DATA_WIDTH=32
Warning: Detected loop at $0\reg_crc_initial[31:0] [6] in $paramod\axi_lite_slave\ADDR_WIDTH=8\DATA_WIDTH=32
Warning: Detected loop at $0\reg_crc_initial[31:0] [6] in $paramod\axi_lite_slave\ADDR_WIDTH=8\DATA_WIDTH=32
Warning: Detected loop at $0\reg_crc_initial[31:0] [6] in $paramod\axi_lite_slave\ADDR_WIDTH=8\DATA_WIDTH=32
Warning: Detected loop at $0\reg_crc_initial[31:0] [5] in $paramod\axi_lite_slave\ADDR_WIDTH=8\DATA_WIDTH=32
Warning: Detected loop at $0\reg_crc_initial[31:0] [5] in $paramod\axi_lite_slave\ADDR_WIDTH=8\DATA_WIDTH=32
Warning: Detected loop at $0\reg_crc_initial[31:0] [5] in $paramod\axi_lite_slave\ADDR_WIDTH=8\DATA_WIDTH=32
Warning: Detected loop at $0\reg_crc_initial[31:0] [4] in $paramod\axi_lite_slave\ADDR_WIDTH=8\DATA_WIDTH=32
Warning: Detected loop at $0\reg_crc_initial[31:0] [4] in $paramod\axi_lite_slave\ADDR_WIDTH=8\DATA_WIDTH=32
Warning: Detected loop at $0\reg_crc_initial[31:0] [4] in $paramod\axi_lite_slave\ADDR_WIDTH=8\DATA_WIDTH=32
Warning: Detected loop at $0\reg_crc_initial[31:0] [3] in $paramod\axi_lite_slave\ADDR_WIDTH=8\DATA_WIDTH=32
Warning: Detected loop at $0\reg_crc_initial[31:0] [3] in $paramod\axi_lite_slave\ADDR_WIDTH=8\DATA_WIDTH=32
Warning: Detected loop at $0\reg_crc_initial[31:0] [3] in $paramod\axi_lite_slave\ADDR_WIDTH=8\DATA_WIDTH=32
Warning: Detected loop at $0\reg_crc_initial[31:0] [2] in $paramod\axi_lite_slave\ADDR_WIDTH=8\DATA_WIDTH=32
Warning: Detected loop at $0\reg_crc_initial[31:0] [2] in $paramod\axi_lite_slave\ADDR_WIDTH=8\DATA_WIDTH=32
Warning: Detected loop at $0\reg_crc_initial[31:0] [2] in $paramod\axi_lite_slave\ADDR_WIDTH=8\DATA_WIDTH=32
Warning: Detected loop at $0\reg_crc_initial[31:0] [1] in $paramod\axi_lite_slave\ADDR_WIDTH=8\DATA_WIDTH=32
Warning: Detected loop at $0\reg_crc_initial[31:0] [1] in $paramod\axi_lite_slave\ADDR_WIDTH=8\DATA_WIDTH=32
Warning: Detected loop at $0\reg_crc_initial[31:0] [1] in $paramod\axi_lite_slave\ADDR_WIDTH=8\DATA_WIDTH=32
Warning: Detected loop at $0\reg_crc_initial[31:0] [0] in $paramod\axi_lite_slave\ADDR_WIDTH=8\DATA_WIDTH=32
Warning: Detected loop at $0\reg_crc_initial[31:0] [0] in $paramod\axi_lite_slave\ADDR_WIDTH=8\DATA_WIDTH=32
Warning: Detected loop at $0\reg_crc_initial[31:0] [0] in $paramod\axi_lite_slave\ADDR_WIDTH=8\DATA_WIDTH=32
Warning: Detected loop at $0\reg_crc_data[31:0] [31] in $paramod\axi_lite_slave\ADDR_WIDTH=8\DATA_WIDTH=32
Warning: Detected loop at $0\reg_crc_data[31:0] [31] in $paramod\axi_lite_slave\ADDR_WIDTH=8\DATA_WIDTH=32
Warning: Detected loop at $0\reg_crc_data[31:0] [31] in $paramod\axi_lite_slave\ADDR_WIDTH=8\DATA_WIDTH=32
Warning: Detected loop at $0\reg_crc_data[31:0] [30] in $paramod\axi_lite_slave\ADDR_WIDTH=8\DATA_WIDTH=32
Warning: Detected loop at $0\reg_crc_data[31:0] [30] in $paramod\axi_lite_slave\ADDR_WIDTH=8\DATA_WIDTH=32
Warning: Detected loop at $0\reg_crc_data[31:0] [30] in $paramod\axi_lite_slave\ADDR_WIDTH=8\DATA_WIDTH=32
Warning: Detected loop at $0\reg_crc_data[31:0] [29] in $paramod\axi_lite_slave\ADDR_WIDTH=8\DATA_WIDTH=32
Warning: Detected loop at $0\reg_crc_data[31:0] [29] in $paramod\axi_lite_slave\ADDR_WIDTH=8\DATA_WIDTH=32
Warning: Detected loop at $0\reg_crc_data[31:0] [29] in $paramod\axi_lite_slave\ADDR_WIDTH=8\DATA_WIDTH=32
Warning: Detected loop at $0\reg_crc_data[31:0] [28] in $paramod\axi_lite_slave\ADDR_WIDTH=8\DATA_WIDTH=32
Warning: Detected loop at $0\reg_crc_data[31:0] [28] in $paramod\axi_lite_slave\ADDR_WIDTH=8\DATA_WIDTH=32
Warning: Detected loop at $0\reg_crc_data[31:0] [28] in $paramod\axi_lite_slave\ADDR_WIDTH=8\DATA_WIDTH=32
Warning: Detected loop at $0\reg_crc_data[31:0] [27] in $paramod\axi_lite_slave\ADDR_WIDTH=8\DATA_WIDTH=32
Warning: Detected loop at $0\reg_crc_data[31:0] [27] in $paramod\axi_lite_slave\ADDR_WIDTH=8\DATA_WIDTH=32
Warning: Detected loop at $0\reg_crc_data[31:0] [27] in $paramod\axi_lite_slave\ADDR_WIDTH=8\DATA_WIDTH=32
Warning: Detected loop at $0\reg_crc_data[31:0] [26] in $paramod\axi_lite_slave\ADDR_WIDTH=8\DATA_WIDTH=32
Warning: Detected loop at $0\reg_crc_data[31:0] [26] in $paramod\axi_lite_slave\ADDR_WIDTH=8\DATA_WIDTH=32
Warning: Detected loop at $0\reg_crc_data[31:0] [26] in $paramod\axi_lite_slave\ADDR_WIDTH=8\DATA_WIDTH=32
Warning: Detected loop at $0\reg_crc_data[31:0] [25] in $paramod\axi_lite_slave\ADDR_WIDTH=8\DATA_WIDTH=32
Warning: Detected loop at $0\reg_crc_data[31:0] [25] in $paramod\axi_lite_slave\ADDR_WIDTH=8\DATA_WIDTH=32
Warning: Detected loop at $0\reg_crc_data[31:0] [25] in $paramod\axi_lite_slave\ADDR_WIDTH=8\DATA_WIDTH=32
Warning: Detected loop at $0\reg_crc_data[31:0] [24] in $paramod\axi_lite_slave\ADDR_WIDTH=8\DATA_WIDTH=32
Warning: Detected loop at $0\reg_crc_data[31:0] [24] in $paramod\axi_lite_slave\ADDR_WIDTH=8\DATA_WIDTH=32
Warning: Detected loop at $0\reg_crc_data[31:0] [24] in $paramod\axi_lite_slave\ADDR_WIDTH=8\DATA_WIDTH=32
Warning: Detected loop at $0\reg_crc_data[31:0] [23] in $paramod\axi_lite_slave\ADDR_WIDTH=8\DATA_WIDTH=32
Warning: Detected loop at $0\reg_crc_data[31:0] [23] in $paramod\axi_lite_slave\ADDR_WIDTH=8\DATA_WIDTH=32
Warning: Detected loop at $0\reg_crc_data[31:0] [23] in $paramod\axi_lite_slave\ADDR_WIDTH=8\DATA_WIDTH=32
Warning: Detected loop at $0\reg_crc_data[31:0] [22] in $paramod\axi_lite_slave\ADDR_WIDTH=8\DATA_WIDTH=32
Warning: Detected loop at $0\reg_crc_data[31:0] [22] in $paramod\axi_lite_slave\ADDR_WIDTH=8\DATA_WIDTH=32
Warning: Detected loop at $0\reg_crc_data[31:0] [22] in $paramod\axi_lite_slave\ADDR_WIDTH=8\DATA_WIDTH=32
Warning: Detected loop at $0\reg_crc_data[31:0] [21] in $paramod\axi_lite_slave\ADDR_WIDTH=8\DATA_WIDTH=32
Warning: Detected loop at $0\reg_crc_data[31:0] [21] in $paramod\axi_lite_slave\ADDR_WIDTH=8\DATA_WIDTH=32
Warning: Detected loop at $0\reg_crc_data[31:0] [21] in $paramod\axi_lite_slave\ADDR_WIDTH=8\DATA_WIDTH=32
Warning: Detected loop at $0\reg_crc_data[31:0] [20] in $paramod\axi_lite_slave\ADDR_WIDTH=8\DATA_WIDTH=32
Warning: Detected loop at $0\reg_crc_data[31:0] [20] in $paramod\axi_lite_slave\ADDR_WIDTH=8\DATA_WIDTH=32
Warning: Detected loop at $0\reg_crc_data[31:0] [20] in $paramod\axi_lite_slave\ADDR_WIDTH=8\DATA_WIDTH=32
Warning: Detected loop at $0\reg_crc_data[31:0] [19] in $paramod\axi_lite_slave\ADDR_WIDTH=8\DATA_WIDTH=32
Warning: Detected loop at $0\reg_crc_data[31:0] [19] in $paramod\axi_lite_slave\ADDR_WIDTH=8\DATA_WIDTH=32
Warning: Detected loop at $0\reg_crc_data[31:0] [19] in $paramod\axi_lite_slave\ADDR_WIDTH=8\DATA_WIDTH=32
Warning: Detected loop at $0\reg_crc_data[31:0] [18] in $paramod\axi_lite_slave\ADDR_WIDTH=8\DATA_WIDTH=32
Warning: Detected loop at $0\reg_crc_data[31:0] [18] in $paramod\axi_lite_slave\ADDR_WIDTH=8\DATA_WIDTH=32
Warning: Detected loop at $0\reg_crc_data[31:0] [18] in $paramod\axi_lite_slave\ADDR_WIDTH=8\DATA_WIDTH=32
Warning: Detected loop at $0\reg_crc_data[31:0] [17] in $paramod\axi_lite_slave\ADDR_WIDTH=8\DATA_WIDTH=32
Warning: Detected loop at $0\reg_crc_data[31:0] [17] in $paramod\axi_lite_slave\ADDR_WIDTH=8\DATA_WIDTH=32
Warning: Detected loop at $0\reg_crc_data[31:0] [17] in $paramod\axi_lite_slave\ADDR_WIDTH=8\DATA_WIDTH=32
Warning: Detected loop at $0\reg_crc_data[31:0] [16] in $paramod\axi_lite_slave\ADDR_WIDTH=8\DATA_WIDTH=32
Warning: Detected loop at $0\reg_crc_data[31:0] [16] in $paramod\axi_lite_slave\ADDR_WIDTH=8\DATA_WIDTH=32
Warning: Detected loop at $0\reg_crc_data[31:0] [16] in $paramod\axi_lite_slave\ADDR_WIDTH=8\DATA_WIDTH=32
Warning: Detected loop at $0\reg_crc_data[31:0] [15] in $paramod\axi_lite_slave\ADDR_WIDTH=8\DATA_WIDTH=32
Warning: Detected loop at $0\reg_crc_data[31:0] [15] in $paramod\axi_lite_slave\ADDR_WIDTH=8\DATA_WIDTH=32
Warning: Detected loop at $0\reg_crc_data[31:0] [15] in $paramod\axi_lite_slave\ADDR_WIDTH=8\DATA_WIDTH=32
Warning: Detected loop at $0\reg_crc_data[31:0] [14] in $paramod\axi_lite_slave\ADDR_WIDTH=8\DATA_WIDTH=32
Warning: Detected loop at $0\reg_crc_data[31:0] [14] in $paramod\axi_lite_slave\ADDR_WIDTH=8\DATA_WIDTH=32
Warning: Detected loop at $0\reg_crc_data[31:0] [14] in $paramod\axi_lite_slave\ADDR_WIDTH=8\DATA_WIDTH=32
Warning: Detected loop at $0\reg_crc_data[31:0] [13] in $paramod\axi_lite_slave\ADDR_WIDTH=8\DATA_WIDTH=32
Warning: Detected loop at $0\reg_crc_data[31:0] [13] in $paramod\axi_lite_slave\ADDR_WIDTH=8\DATA_WIDTH=32
Warning: Detected loop at $0\reg_crc_data[31:0] [13] in $paramod\axi_lite_slave\ADDR_WIDTH=8\DATA_WIDTH=32
Warning: Detected loop at $0\reg_crc_data[31:0] [12] in $paramod\axi_lite_slave\ADDR_WIDTH=8\DATA_WIDTH=32
Warning: Detected loop at $0\reg_crc_data[31:0] [12] in $paramod\axi_lite_slave\ADDR_WIDTH=8\DATA_WIDTH=32
Warning: Detected loop at $0\reg_crc_data[31:0] [12] in $paramod\axi_lite_slave\ADDR_WIDTH=8\DATA_WIDTH=32
Warning: Detected loop at $0\reg_crc_data[31:0] [11] in $paramod\axi_lite_slave\ADDR_WIDTH=8\DATA_WIDTH=32
Warning: Detected loop at $0\reg_crc_data[31:0] [11] in $paramod\axi_lite_slave\ADDR_WIDTH=8\DATA_WIDTH=32
Warning: Detected loop at $0\reg_crc_data[31:0] [11] in $paramod\axi_lite_slave\ADDR_WIDTH=8\DATA_WIDTH=32
Warning: Detected loop at $0\reg_crc_data[31:0] [10] in $paramod\axi_lite_slave\ADDR_WIDTH=8\DATA_WIDTH=32
Warning: Detected loop at $0\reg_crc_data[31:0] [10] in $paramod\axi_lite_slave\ADDR_WIDTH=8\DATA_WIDTH=32
Warning: Detected loop at $0\reg_crc_data[31:0] [10] in $paramod\axi_lite_slave\ADDR_WIDTH=8\DATA_WIDTH=32
Warning: Detected loop at $0\reg_crc_data[31:0] [9] in $paramod\axi_lite_slave\ADDR_WIDTH=8\DATA_WIDTH=32
Warning: Detected loop at $0\reg_crc_data[31:0] [9] in $paramod\axi_lite_slave\ADDR_WIDTH=8\DATA_WIDTH=32
Warning: Detected loop at $0\reg_crc_data[31:0] [9] in $paramod\axi_lite_slave\ADDR_WIDTH=8\DATA_WIDTH=32
Warning: Detected loop at $0\reg_crc_data[31:0] [8] in $paramod\axi_lite_slave\ADDR_WIDTH=8\DATA_WIDTH=32
Warning: Detected loop at $0\reg_crc_data[31:0] [8] in $paramod\axi_lite_slave\ADDR_WIDTH=8\DATA_WIDTH=32
Warning: Detected loop at $0\reg_crc_data[31:0] [8] in $paramod\axi_lite_slave\ADDR_WIDTH=8\DATA_WIDTH=32
Warning: Detected loop at $0\reg_crc_data[31:0] [7] in $paramod\axi_lite_slave\ADDR_WIDTH=8\DATA_WIDTH=32
Warning: Detected loop at $0\reg_crc_data[31:0] [7] in $paramod\axi_lite_slave\ADDR_WIDTH=8\DATA_WIDTH=32
Warning: Detected loop at $0\reg_crc_data[31:0] [7] in $paramod\axi_lite_slave\ADDR_WIDTH=8\DATA_WIDTH=32
Warning: Detected loop at $0\reg_crc_data[31:0] [6] in $paramod\axi_lite_slave\ADDR_WIDTH=8\DATA_WIDTH=32
Warning: Detected loop at $0\reg_crc_data[31:0] [6] in $paramod\axi_lite_slave\ADDR_WIDTH=8\DATA_WIDTH=32
Warning: Detected loop at $0\reg_crc_data[31:0] [6] in $paramod\axi_lite_slave\ADDR_WIDTH=8\DATA_WIDTH=32
Warning: Detected loop at $0\reg_crc_data[31:0] [5] in $paramod\axi_lite_slave\ADDR_WIDTH=8\DATA_WIDTH=32
Warning: Detected loop at $0\reg_crc_data[31:0] [5] in $paramod\axi_lite_slave\ADDR_WIDTH=8\DATA_WIDTH=32
Warning: Detected loop at $0\reg_crc_data[31:0] [5] in $paramod\axi_lite_slave\ADDR_WIDTH=8\DATA_WIDTH=32
Warning: Detected loop at $0\reg_crc_data[31:0] [4] in $paramod\axi_lite_slave\ADDR_WIDTH=8\DATA_WIDTH=32
Warning: Detected loop at $0\reg_crc_data[31:0] [4] in $paramod\axi_lite_slave\ADDR_WIDTH=8\DATA_WIDTH=32
Warning: Detected loop at $0\reg_crc_data[31:0] [4] in $paramod\axi_lite_slave\ADDR_WIDTH=8\DATA_WIDTH=32
Warning: Detected loop at $0\reg_crc_data[31:0] [3] in $paramod\axi_lite_slave\ADDR_WIDTH=8\DATA_WIDTH=32
Warning: Detected loop at $0\reg_crc_data[31:0] [3] in $paramod\axi_lite_slave\ADDR_WIDTH=8\DATA_WIDTH=32
Warning: Detected loop at $0\reg_crc_data[31:0] [3] in $paramod\axi_lite_slave\ADDR_WIDTH=8\DATA_WIDTH=32
Warning: Detected loop at $0\reg_crc_data[31:0] [2] in $paramod\axi_lite_slave\ADDR_WIDTH=8\DATA_WIDTH=32
Warning: Detected loop at $0\reg_crc_data[31:0] [2] in $paramod\axi_lite_slave\ADDR_WIDTH=8\DATA_WIDTH=32
Warning: Detected loop at $0\reg_crc_data[31:0] [2] in $paramod\axi_lite_slave\ADDR_WIDTH=8\DATA_WIDTH=32
Warning: Detected loop at $0\reg_crc_data[31:0] [1] in $paramod\axi_lite_slave\ADDR_WIDTH=8\DATA_WIDTH=32
Warning: Detected loop at $0\reg_crc_data[31:0] [1] in $paramod\axi_lite_slave\ADDR_WIDTH=8\DATA_WIDTH=32
Warning: Detected loop at $0\reg_crc_data[31:0] [1] in $paramod\axi_lite_slave\ADDR_WIDTH=8\DATA_WIDTH=32
Warning: Detected loop at $0\reg_crc_data[31:0] [0] in $paramod\axi_lite_slave\ADDR_WIDTH=8\DATA_WIDTH=32
Warning: Detected loop at $0\reg_crc_data[31:0] [0] in $paramod\axi_lite_slave\ADDR_WIDTH=8\DATA_WIDTH=32
Warning: Detected loop at $0\reg_crc_data[31:0] [0] in $paramod\axi_lite_slave\ADDR_WIDTH=8\DATA_WIDTH=32
Warning: Detected loop at $0\reg_waddr[7:0] [7] in $paramod\axi_lite_slave\ADDR_WIDTH=8\DATA_WIDTH=32
Warning: Detected loop at $0\reg_waddr[7:0] [7] in $paramod\axi_lite_slave\ADDR_WIDTH=8\DATA_WIDTH=32
Warning: Detected loop at $0\reg_waddr[7:0] [6] in $paramod\axi_lite_slave\ADDR_WIDTH=8\DATA_WIDTH=32
Warning: Detected loop at $0\reg_waddr[7:0] [6] in $paramod\axi_lite_slave\ADDR_WIDTH=8\DATA_WIDTH=32
Warning: Detected loop at $0\reg_waddr[7:0] [5] in $paramod\axi_lite_slave\ADDR_WIDTH=8\DATA_WIDTH=32
Warning: Detected loop at $0\reg_waddr[7:0] [5] in $paramod\axi_lite_slave\ADDR_WIDTH=8\DATA_WIDTH=32
Warning: Detected loop at $0\reg_waddr[7:0] [4] in $paramod\axi_lite_slave\ADDR_WIDTH=8\DATA_WIDTH=32
Warning: Detected loop at $0\reg_waddr[7:0] [4] in $paramod\axi_lite_slave\ADDR_WIDTH=8\DATA_WIDTH=32
Warning: Detected loop at $0\reg_waddr[7:0] [3] in $paramod\axi_lite_slave\ADDR_WIDTH=8\DATA_WIDTH=32
Warning: Detected loop at $0\reg_waddr[7:0] [3] in $paramod\axi_lite_slave\ADDR_WIDTH=8\DATA_WIDTH=32
Warning: Detected loop at $0\reg_waddr[7:0] [2] in $paramod\axi_lite_slave\ADDR_WIDTH=8\DATA_WIDTH=32
Warning: Detected loop at $0\reg_waddr[7:0] [2] in $paramod\axi_lite_slave\ADDR_WIDTH=8\DATA_WIDTH=32
Warning: Detected loop at $0\reg_waddr[7:0] [1] in $paramod\axi_lite_slave\ADDR_WIDTH=8\DATA_WIDTH=32
Warning: Detected loop at $0\reg_waddr[7:0] [1] in $paramod\axi_lite_slave\ADDR_WIDTH=8\DATA_WIDTH=32
Warning: Detected loop at $0\reg_waddr[7:0] [0] in $paramod\axi_lite_slave\ADDR_WIDTH=8\DATA_WIDTH=32
Warning: Detected loop at $0\reg_waddr[7:0] [0] in $paramod\axi_lite_slave\ADDR_WIDTH=8\DATA_WIDTH=32
Warning: Detected loop at $0\reg_crc_result[31:0] [31] in $paramod\axi_lite_slave\ADDR_WIDTH=8\DATA_WIDTH=32
Warning: Detected loop at $0\s_rdata[31:0] [31] in $paramod\axi_lite_slave\ADDR_WIDTH=8\DATA_WIDTH=32
Warning: Detected loop at $0\reg_crc_result[31:0] [30] in $paramod\axi_lite_slave\ADDR_WIDTH=8\DATA_WIDTH=32
Warning: Detected loop at $0\s_rdata[31:0] [30] in $paramod\axi_lite_slave\ADDR_WIDTH=8\DATA_WIDTH=32
Warning: Detected loop at $0\reg_crc_result[31:0] [29] in $paramod\axi_lite_slave\ADDR_WIDTH=8\DATA_WIDTH=32
Warning: Detected loop at $0\s_rdata[31:0] [29] in $paramod\axi_lite_slave\ADDR_WIDTH=8\DATA_WIDTH=32
Warning: Detected loop at $0\reg_crc_result[31:0] [28] in $paramod\axi_lite_slave\ADDR_WIDTH=8\DATA_WIDTH=32
Warning: Detected loop at $0\s_rdata[31:0] [28] in $paramod\axi_lite_slave\ADDR_WIDTH=8\DATA_WIDTH=32
Warning: Detected loop at $0\reg_crc_result[31:0] [27] in $paramod\axi_lite_slave\ADDR_WIDTH=8\DATA_WIDTH=32
Warning: Detected loop at $0\s_rdata[31:0] [27] in $paramod\axi_lite_slave\ADDR_WIDTH=8\DATA_WIDTH=32
Warning: Detected loop at $0\reg_crc_result[31:0] [26] in $paramod\axi_lite_slave\ADDR_WIDTH=8\DATA_WIDTH=32
Warning: Detected loop at $0\s_rdata[31:0] [26] in $paramod\axi_lite_slave\ADDR_WIDTH=8\DATA_WIDTH=32
Warning: Detected loop at $0\reg_crc_result[31:0] [25] in $paramod\axi_lite_slave\ADDR_WIDTH=8\DATA_WIDTH=32
Warning: Detected loop at $0\s_rdata[31:0] [25] in $paramod\axi_lite_slave\ADDR_WIDTH=8\DATA_WIDTH=32
Warning: Detected loop at $0\reg_crc_result[31:0] [24] in $paramod\axi_lite_slave\ADDR_WIDTH=8\DATA_WIDTH=32
Warning: Detected loop at $0\s_rdata[31:0] [24] in $paramod\axi_lite_slave\ADDR_WIDTH=8\DATA_WIDTH=32
Warning: Detected loop at $0\reg_crc_result[31:0] [23] in $paramod\axi_lite_slave\ADDR_WIDTH=8\DATA_WIDTH=32
Warning: Detected loop at $0\s_rdata[31:0] [23] in $paramod\axi_lite_slave\ADDR_WIDTH=8\DATA_WIDTH=32
Warning: Detected loop at $0\reg_crc_result[31:0] [22] in $paramod\axi_lite_slave\ADDR_WIDTH=8\DATA_WIDTH=32
Warning: Detected loop at $0\s_rdata[31:0] [22] in $paramod\axi_lite_slave\ADDR_WIDTH=8\DATA_WIDTH=32
Warning: Detected loop at $0\reg_crc_result[31:0] [21] in $paramod\axi_lite_slave\ADDR_WIDTH=8\DATA_WIDTH=32
Warning: Detected loop at $0\s_rdata[31:0] [21] in $paramod\axi_lite_slave\ADDR_WIDTH=8\DATA_WIDTH=32
Warning: Detected loop at $0\reg_crc_result[31:0] [20] in $paramod\axi_lite_slave\ADDR_WIDTH=8\DATA_WIDTH=32
Warning: Detected loop at $0\s_rdata[31:0] [20] in $paramod\axi_lite_slave\ADDR_WIDTH=8\DATA_WIDTH=32
Warning: Detected loop at $0\reg_crc_result[31:0] [19] in $paramod\axi_lite_slave\ADDR_WIDTH=8\DATA_WIDTH=32
Warning: Detected loop at $0\s_rdata[31:0] [19] in $paramod\axi_lite_slave\ADDR_WIDTH=8\DATA_WIDTH=32
Warning: Detected loop at $0\reg_crc_result[31:0] [18] in $paramod\axi_lite_slave\ADDR_WIDTH=8\DATA_WIDTH=32
Warning: Detected loop at $0\s_rdata[31:0] [18] in $paramod\axi_lite_slave\ADDR_WIDTH=8\DATA_WIDTH=32
Warning: Detected loop at $0\reg_crc_result[31:0] [17] in $paramod\axi_lite_slave\ADDR_WIDTH=8\DATA_WIDTH=32
Warning: Detected loop at $0\s_rdata[31:0] [17] in $paramod\axi_lite_slave\ADDR_WIDTH=8\DATA_WIDTH=32
Warning: Detected loop at $0\reg_crc_result[31:0] [16] in $paramod\axi_lite_slave\ADDR_WIDTH=8\DATA_WIDTH=32
Warning: Detected loop at $0\s_rdata[31:0] [16] in $paramod\axi_lite_slave\ADDR_WIDTH=8\DATA_WIDTH=32
Warning: Detected loop at $0\reg_crc_result[31:0] [15] in $paramod\axi_lite_slave\ADDR_WIDTH=8\DATA_WIDTH=32
Warning: Detected loop at $0\s_rdata[31:0] [15] in $paramod\axi_lite_slave\ADDR_WIDTH=8\DATA_WIDTH=32
Warning: Detected loop at $0\reg_crc_result[31:0] [14] in $paramod\axi_lite_slave\ADDR_WIDTH=8\DATA_WIDTH=32
Warning: Detected loop at $0\s_rdata[31:0] [14] in $paramod\axi_lite_slave\ADDR_WIDTH=8\DATA_WIDTH=32
Warning: Detected loop at $0\reg_crc_result[31:0] [13] in $paramod\axi_lite_slave\ADDR_WIDTH=8\DATA_WIDTH=32
Warning: Detected loop at $0\s_rdata[31:0] [13] in $paramod\axi_lite_slave\ADDR_WIDTH=8\DATA_WIDTH=32
Warning: Detected loop at $0\reg_crc_result[31:0] [12] in $paramod\axi_lite_slave\ADDR_WIDTH=8\DATA_WIDTH=32
Warning: Detected loop at $0\s_rdata[31:0] [12] in $paramod\axi_lite_slave\ADDR_WIDTH=8\DATA_WIDTH=32
Warning: Detected loop at $0\reg_crc_result[31:0] [11] in $paramod\axi_lite_slave\ADDR_WIDTH=8\DATA_WIDTH=32
Warning: Detected loop at $0\s_rdata[31:0] [11] in $paramod\axi_lite_slave\ADDR_WIDTH=8\DATA_WIDTH=32
Warning: Detected loop at $0\reg_crc_result[31:0] [10] in $paramod\axi_lite_slave\ADDR_WIDTH=8\DATA_WIDTH=32
Warning: Detected loop at $0\s_rdata[31:0] [10] in $paramod\axi_lite_slave\ADDR_WIDTH=8\DATA_WIDTH=32
Warning: Detected loop at $0\reg_crc_result[31:0] [9] in $paramod\axi_lite_slave\ADDR_WIDTH=8\DATA_WIDTH=32
Warning: Detected loop at $0\s_rdata[31:0] [9] in $paramod\axi_lite_slave\ADDR_WIDTH=8\DATA_WIDTH=32
Warning: Detected loop at $0\reg_crc_result[31:0] [8] in $paramod\axi_lite_slave\ADDR_WIDTH=8\DATA_WIDTH=32
Warning: Detected loop at $0\s_rdata[31:0] [8] in $paramod\axi_lite_slave\ADDR_WIDTH=8\DATA_WIDTH=32
Warning: Detected loop at $0\reg_crc_result[31:0] [7] in $paramod\axi_lite_slave\ADDR_WIDTH=8\DATA_WIDTH=32
Warning: Detected loop at $0\s_rdata[31:0] [7] in $paramod\axi_lite_slave\ADDR_WIDTH=8\DATA_WIDTH=32
Warning: Detected loop at $0\reg_crc_result[31:0] [6] in $paramod\axi_lite_slave\ADDR_WIDTH=8\DATA_WIDTH=32
Warning: Detected loop at $0\s_rdata[31:0] [6] in $paramod\axi_lite_slave\ADDR_WIDTH=8\DATA_WIDTH=32
Warning: Detected loop at $0\reg_crc_result[31:0] [5] in $paramod\axi_lite_slave\ADDR_WIDTH=8\DATA_WIDTH=32
Warning: Detected loop at $0\s_rdata[31:0] [5] in $paramod\axi_lite_slave\ADDR_WIDTH=8\DATA_WIDTH=32
Warning: Detected loop at $0\reg_crc_result[31:0] [4] in $paramod\axi_lite_slave\ADDR_WIDTH=8\DATA_WIDTH=32
Warning: Detected loop at $0\s_rdata[31:0] [4] in $paramod\axi_lite_slave\ADDR_WIDTH=8\DATA_WIDTH=32
Warning: Detected loop at $0\reg_crc_result[31:0] [3] in $paramod\axi_lite_slave\ADDR_WIDTH=8\DATA_WIDTH=32
Warning: Detected loop at $0\s_rdata[31:0] [3] in $paramod\axi_lite_slave\ADDR_WIDTH=8\DATA_WIDTH=32
Warning: Detected loop at $0\reg_crc_result[31:0] [2] in $paramod\axi_lite_slave\ADDR_WIDTH=8\DATA_WIDTH=32
Warning: Detected loop at $0\s_rdata[31:0] [2] in $paramod\axi_lite_slave\ADDR_WIDTH=8\DATA_WIDTH=32
Warning: Detected loop at $0\reg_crc_result[31:0] [1] in $paramod\axi_lite_slave\ADDR_WIDTH=8\DATA_WIDTH=32
Warning: Detected loop at $0\s_rdata[31:0] [1] in $paramod\axi_lite_slave\ADDR_WIDTH=8\DATA_WIDTH=32
Warning: Detected loop at $0\reg_crc_result[31:0] [0] in $paramod\axi_lite_slave\ADDR_WIDTH=8\DATA_WIDTH=32
Warning: Detected loop at $0\s_rdata[31:0] [0] in $paramod\axi_lite_slave\ADDR_WIDTH=8\DATA_WIDTH=32
Warning: Detected loop at $0\s_bvalid[0:0] in $paramod\axi_lite_slave\ADDR_WIDTH=8\DATA_WIDTH=32
Warning: Detected loop at $0\s_bresp[1:0] [1] in $paramod\axi_lite_slave\ADDR_WIDTH=8\DATA_WIDTH=32
Warning: Detected loop at $0\s_bresp[1:0] [0] in $paramod\axi_lite_slave\ADDR_WIDTH=8\DATA_WIDTH=32
Warning: Detected loop at $0\w_receive[0:0] in $paramod\axi_lite_slave\ADDR_WIDTH=8\DATA_WIDTH=32
Warning: Detected loop at $abc$4030$new_n634_ in $paramod\axi_lite_slave\ADDR_WIDTH=8\DATA_WIDTH=32
Warning: Detected loop at $abc$4030$new_n632_ in $paramod\axi_lite_slave\ADDR_WIDTH=8\DATA_WIDTH=32
Warning: Detected loop at $0\aw_receive[0:0] in $paramod\axi_lite_slave\ADDR_WIDTH=8\DATA_WIDTH=32
Warning: Detected loop at $0\reg_waddr[7:0] [7] in $paramod\axi_lite_slave\ADDR_WIDTH=8\DATA_WIDTH=32
Warning: Detected loop at $abc$4030$new_n652_ in $paramod\axi_lite_slave\ADDR_WIDTH=8\DATA_WIDTH=32
Warning: Detected loop at $0\reg_waddr[7:0] [6] in $paramod\axi_lite_slave\ADDR_WIDTH=8\DATA_WIDTH=32
Warning: Detected loop at $abc$4030$new_n650_ in $paramod\axi_lite_slave\ADDR_WIDTH=8\DATA_WIDTH=32
Warning: Detected loop at $0\reg_waddr[7:0] [5] in $paramod\axi_lite_slave\ADDR_WIDTH=8\DATA_WIDTH=32
Warning: Detected loop at $abc$4030$new_n648_ in $paramod\axi_lite_slave\ADDR_WIDTH=8\DATA_WIDTH=32
Warning: Detected loop at $0\reg_waddr[7:0] [4] in $paramod\axi_lite_slave\ADDR_WIDTH=8\DATA_WIDTH=32
Warning: Detected loop at $abc$4030$new_n646_ in $paramod\axi_lite_slave\ADDR_WIDTH=8\DATA_WIDTH=32
Warning: Detected loop at $0\reg_waddr[7:0] [3] in $paramod\axi_lite_slave\ADDR_WIDTH=8\DATA_WIDTH=32
Warning: Detected loop at $abc$4030$new_n644_ in $paramod\axi_lite_slave\ADDR_WIDTH=8\DATA_WIDTH=32
Warning: Detected loop at $0\reg_waddr[7:0] [2] in $paramod\axi_lite_slave\ADDR_WIDTH=8\DATA_WIDTH=32
Warning: Detected loop at $abc$4030$new_n642_ in $paramod\axi_lite_slave\ADDR_WIDTH=8\DATA_WIDTH=32
Warning: Detected loop at $0\reg_waddr[7:0] [1] in $paramod\axi_lite_slave\ADDR_WIDTH=8\DATA_WIDTH=32
Warning: Detected loop at $abc$4030$new_n640_ in $paramod\axi_lite_slave\ADDR_WIDTH=8\DATA_WIDTH=32
Warning: Detected loop at $0\reg_waddr[7:0] [0] in $paramod\axi_lite_slave\ADDR_WIDTH=8\DATA_WIDTH=32
Warning: Detected loop at $abc$4030$new_n638_ in $paramod\axi_lite_slave\ADDR_WIDTH=8\DATA_WIDTH=32
Warning: Detected loop at $0\s_awready[0:0] in $paramod\axi_lite_slave\ADDR_WIDTH=8\DATA_WIDTH=32
Warning: Detected loop at $0\s_wready[0:0] in $paramod\axi_lite_slave\ADDR_WIDTH=8\DATA_WIDTH=32
Warning: Detected loop at $0\s_wready[0:0] in $paramod\axi_lite_slave\ADDR_WIDTH=8\DATA_WIDTH=32
Warning: Detected loop at $0\re_en[0:0] in $paramod\axi_lite_slave\ADDR_WIDTH=8\DATA_WIDTH=32
Warning: Detected loop at $0\s_rvalid[0:0] in $paramod\axi_lite_slave\ADDR_WIDTH=8\DATA_WIDTH=32
Warning: Detected loop at $0\s_rresp[1:0] [1] in $paramod\axi_lite_slave\ADDR_WIDTH=8\DATA_WIDTH=32
Warning: Detected loop at $0\s_rresp[1:0] [0] in $paramod\axi_lite_slave\ADDR_WIDTH=8\DATA_WIDTH=32
Warning: Detected loop at $0\reg_raddr[7:0] [7] in $paramod\axi_lite_slave\ADDR_WIDTH=8\DATA_WIDTH=32
Warning: Detected loop at $0\s_rresp[1:0] [1] in $paramod\axi_lite_slave\ADDR_WIDTH=8\DATA_WIDTH=32
Warning: Detected loop at $0\s_rresp[1:0] [1] in $paramod\axi_lite_slave\ADDR_WIDTH=8\DATA_WIDTH=32
Warning: Detected loop at $0\reg_raddr[7:0] [6] in $paramod\axi_lite_slave\ADDR_WIDTH=8\DATA_WIDTH=32
Warning: Detected loop at $0\reg_raddr[7:0] [5] in $paramod\axi_lite_slave\ADDR_WIDTH=8\DATA_WIDTH=32
Warning: Detected loop at $0\reg_raddr[7:0] [4] in $paramod\axi_lite_slave\ADDR_WIDTH=8\DATA_WIDTH=32
Warning: Detected loop at $0\reg_raddr[7:0] [3] in $paramod\axi_lite_slave\ADDR_WIDTH=8\DATA_WIDTH=32
Warning: Detected loop at $0\reg_raddr[7:0] [2] in $paramod\axi_lite_slave\ADDR_WIDTH=8\DATA_WIDTH=32
Warning: Detected loop at $0\reg_raddr[7:0] [1] in $paramod\axi_lite_slave\ADDR_WIDTH=8\DATA_WIDTH=32
Warning: Detected loop at $0\reg_raddr[7:0] [0] in $paramod\axi_lite_slave\ADDR_WIDTH=8\DATA_WIDTH=32

Longest topological path in $paramod\axi_lite_slave\ADDR_WIDTH=8\DATA_WIDTH=32 (length=22):
    0: \s_awaddr [7]
    1: $abc$4030$new_n622_ (via $abc$4030$auto$blifparse.cc:371:parse_blif$4254)
    2: $abc$4030$new_n623_ (via $abc$4030$auto$blifparse.cc:371:parse_blif$4255)
    3: $abc$4030$new_n624_ (via $abc$4030$auto$blifparse.cc:371:parse_blif$4256)
    4: $0\s_awready[0:0] (via $abc$4030$auto$blifparse.cc:371:parse_blif$4261)
    5: \s_awready (via $auto$simplemap.cc:496:simplemap_adff$3072)
    6: $abc$4030$new_n631_ (via $abc$4030$auto$blifparse.cc:371:parse_blif$4263)
    7: $abc$4030$new_n632_ (via $abc$4030$auto$blifparse.cc:371:parse_blif$4264)
    8: $0\aw_receive[0:0] (via $abc$4030$auto$blifparse.cc:371:parse_blif$4265)
    9: \aw_receive (via $auto$simplemap.cc:496:simplemap_adff$3071)
   10: $abc$4030$new_n634_ (via $abc$4030$auto$blifparse.cc:371:parse_blif$4266)
   11: $abc$4030$new_n636_ (via $abc$4030$auto$blifparse.cc:371:parse_blif$4268)
   12: $0\w_receive[0:0] (via $abc$4030$auto$blifparse.cc:371:parse_blif$4269)
   13: \w_receive (via $auto$simplemap.cc:496:simplemap_adff$3070)
   14: $abc$4030$new_n997_ (via $abc$4030$auto$blifparse.cc:371:parse_blif$4629)
   15: $0\crc_en[0:0] (via $abc$4030$auto$blifparse.cc:371:parse_blif$4631)
   16: \crc_en (via $auto$simplemap.cc:496:simplemap_adff$3074)
   17: $0\reg_crc_result[31:0] [31] (via $abc$4030$auto$blifparse.cc:371:parse_blif$4247)
   18: \reg_crc_result [31] (via $auto$simplemap.cc:496:simplemap_adff$3109)
   19: $abc$4030$new_n571_ (via $abc$4030$auto$blifparse.cc:371:parse_blif$4203)
   20: $abc$4030$new_n574_ (via $abc$4030$auto$blifparse.cc:371:parse_blif$4206)
   21: $0\s_rdata[31:0] [31] (via $abc$4030$auto$blifparse.cc:371:parse_blif$4207)
   22: \s_rdata [31] (via $auto$simplemap.cc:420:simplemap_dff$3153)

Longest topological path in $paramod\crc_engine\ADDR_WIDTH=8\DATA_WIDTH=32 (length=33):
    0: \crcIn [3]
    1: $abc$4632$new_n234_ (via $abc$4632$auto$blifparse.cc:371:parse_blif$4770)
    2: $abc$4632$new_n616_ (via $abc$4632$auto$blifparse.cc:371:parse_blif$5152)
    3: $abc$4632$new_n617_ (via $abc$4632$auto$blifparse.cc:371:parse_blif$5153)
    4: $abc$4632$new_n618_ (via $abc$4632$auto$blifparse.cc:371:parse_blif$5154)
    5: $abc$4632$new_n619_ (via $abc$4632$auto$blifparse.cc:371:parse_blif$5155)
    6: $abc$4632$new_n620_ (via $abc$4632$auto$blifparse.cc:371:parse_blif$5156)
    7: $abc$4632$new_n621_ (via $abc$4632$auto$blifparse.cc:371:parse_blif$5157)
    8: $abc$4632$new_n622_ (via $abc$4632$auto$blifparse.cc:371:parse_blif$5158)
    9: $abc$4632$new_n623_ (via $abc$4632$auto$blifparse.cc:371:parse_blif$5159)
   10: $abc$4632$new_n624_ (via $abc$4632$auto$blifparse.cc:371:parse_blif$5160)
   11: $abc$4632$new_n625_ (via $abc$4632$auto$blifparse.cc:371:parse_blif$5161)
   12: $abc$4632$new_n626_ (via $abc$4632$auto$blifparse.cc:371:parse_blif$5162)
   13: $abc$4632$new_n627_ (via $abc$4632$auto$blifparse.cc:371:parse_blif$5163)
   14: $abc$4632$new_n628_ (via $abc$4632$auto$blifparse.cc:371:parse_blif$5164)
   15: $abc$4632$new_n629_ (via $abc$4632$auto$blifparse.cc:371:parse_blif$5165)
   16: $abc$4632$new_n630_ (via $abc$4632$auto$blifparse.cc:371:parse_blif$5166)
   17: $abc$4632$new_n631_ (via $abc$4632$auto$blifparse.cc:371:parse_blif$5167)
   18: $abc$4632$new_n632_ (via $abc$4632$auto$blifparse.cc:371:parse_blif$5168)
   19: $abc$4632$new_n633_ (via $abc$4632$auto$blifparse.cc:371:parse_blif$5169)
   20: $abc$4632$new_n634_ (via $abc$4632$auto$blifparse.cc:371:parse_blif$5170)
   21: $abc$4632$new_n635_ (via $abc$4632$auto$blifparse.cc:371:parse_blif$5171)
   22: $abc$4632$new_n636_ (via $abc$4632$auto$blifparse.cc:371:parse_blif$5172)
   23: $abc$4632$new_n637_ (via $abc$4632$auto$blifparse.cc:371:parse_blif$5173)
   24: $abc$4632$new_n638_ (via $abc$4632$auto$blifparse.cc:371:parse_blif$5174)
   25: $abc$4632$new_n639_ (via $abc$4632$auto$blifparse.cc:371:parse_blif$5175)
   26: $abc$4632$new_n640_ (via $abc$4632$auto$blifparse.cc:371:parse_blif$5176)
   27: $abc$4632$new_n641_ (via $abc$4632$auto$blifparse.cc:371:parse_blif$5177)
   28: $abc$4632$new_n642_ (via $abc$4632$auto$blifparse.cc:371:parse_blif$5178)
   29: $abc$4632$new_n643_ (via $abc$4632$auto$blifparse.cc:371:parse_blif$5179)
   30: $abc$4632$new_n644_ (via $abc$4632$auto$blifparse.cc:371:parse_blif$5180)
   31: $abc$4632$new_n645_ (via $abc$4632$auto$blifparse.cc:371:parse_blif$5181)
   32: $abc$4632$new_n646_ (via $abc$4632$auto$blifparse.cc:371:parse_blif$5182)
   33: \crc_out [20] (via $abc$4632$auto$blifparse.cc:371:parse_blif$5183)
Warning: Detected loop at \crc_data [0] in axi_crc_top
Warning: Detected loop at \crc_result [0] in axi_crc_top
Warning: Detected loop at \crc_data [0] in axi_crc_top
Warning: Detected loop at \crc_data [1] in axi_crc_top
Warning: Detected loop at \crc_result [0] in axi_crc_top
Warning: Detected loop at \crc_result [1] in axi_crc_top
Warning: Detected loop at \crc_data [0] in axi_crc_top
Warning: Detected loop at \crc_data [1] in axi_crc_top
Warning: Detected loop at \crc_data [2] in axi_crc_top
Warning: Detected loop at \crc_result [0] in axi_crc_top
Warning: Detected loop at \crc_result [1] in axi_crc_top
Warning: Detected loop at \crc_result [2] in axi_crc_top
Warning: Detected loop at \crc_data [0] in axi_crc_top
Warning: Detected loop at \crc_data [1] in axi_crc_top
Warning: Detected loop at \crc_data [2] in axi_crc_top
Warning: Detected loop at \crc_data [3] in axi_crc_top
Warning: Detected loop at \crc_result [0] in axi_crc_top
Warning: Detected loop at \crc_result [1] in axi_crc_top
Warning: Detected loop at \crc_result [2] in axi_crc_top
Warning: Detected loop at \crc_result [3] in axi_crc_top
Warning: Detected loop at \crc_data [0] in axi_crc_top
Warning: Detected loop at \crc_data [1] in axi_crc_top
Warning: Detected loop at \crc_data [2] in axi_crc_top
Warning: Detected loop at \crc_data [3] in axi_crc_top
Warning: Detected loop at \crc_data [4] in axi_crc_top
Warning: Detected loop at \crc_result [0] in axi_crc_top
Warning: Detected loop at \crc_result [1] in axi_crc_top
Warning: Detected loop at \crc_result [2] in axi_crc_top
Warning: Detected loop at \crc_result [3] in axi_crc_top
Warning: Detected loop at \crc_result [4] in axi_crc_top
Warning: Detected loop at \crc_data [0] in axi_crc_top
Warning: Detected loop at \crc_data [1] in axi_crc_top
Warning: Detected loop at \crc_data [2] in axi_crc_top
Warning: Detected loop at \crc_data [3] in axi_crc_top
Warning: Detected loop at \crc_data [4] in axi_crc_top
Warning: Detected loop at \crc_data [5] in axi_crc_top
Warning: Detected loop at \crc_result [0] in axi_crc_top
Warning: Detected loop at \crc_result [1] in axi_crc_top
Warning: Detected loop at \crc_result [2] in axi_crc_top
Warning: Detected loop at \crc_result [3] in axi_crc_top
Warning: Detected loop at \crc_result [4] in axi_crc_top
Warning: Detected loop at \crc_result [5] in axi_crc_top
Warning: Detected loop at \crc_data [0] in axi_crc_top
Warning: Detected loop at \crc_data [1] in axi_crc_top
Warning: Detected loop at \crc_data [2] in axi_crc_top
Warning: Detected loop at \crc_data [3] in axi_crc_top
Warning: Detected loop at \crc_data [4] in axi_crc_top
Warning: Detected loop at \crc_data [5] in axi_crc_top
Warning: Detected loop at \crc_data [6] in axi_crc_top
Warning: Detected loop at \crc_result [0] in axi_crc_top
Warning: Detected loop at \crc_result [1] in axi_crc_top
Warning: Detected loop at \crc_result [2] in axi_crc_top
Warning: Detected loop at \crc_result [3] in axi_crc_top
Warning: Detected loop at \crc_result [4] in axi_crc_top
Warning: Detected loop at \crc_result [5] in axi_crc_top
Warning: Detected loop at \crc_result [6] in axi_crc_top
Warning: Detected loop at \crc_data [0] in axi_crc_top
Warning: Detected loop at \crc_data [1] in axi_crc_top
Warning: Detected loop at \crc_data [2] in axi_crc_top
Warning: Detected loop at \crc_data [3] in axi_crc_top
Warning: Detected loop at \crc_data [4] in axi_crc_top
Warning: Detected loop at \crc_data [5] in axi_crc_top
Warning: Detected loop at \crc_data [6] in axi_crc_top
Warning: Detected loop at \crc_data [7] in axi_crc_top
Warning: Detected loop at \crc_result [0] in axi_crc_top
Warning: Detected loop at \crc_result [1] in axi_crc_top
Warning: Detected loop at \crc_result [2] in axi_crc_top
Warning: Detected loop at \crc_result [3] in axi_crc_top
Warning: Detected loop at \crc_result [4] in axi_crc_top
Warning: Detected loop at \crc_result [5] in axi_crc_top
Warning: Detected loop at \crc_result [6] in axi_crc_top
Warning: Detected loop at \crc_result [7] in axi_crc_top
Warning: Detected loop at \crc_data [0] in axi_crc_top
Warning: Detected loop at \crc_data [1] in axi_crc_top
Warning: Detected loop at \crc_data [2] in axi_crc_top
Warning: Detected loop at \crc_data [3] in axi_crc_top
Warning: Detected loop at \crc_data [4] in axi_crc_top
Warning: Detected loop at \crc_data [5] in axi_crc_top
Warning: Detected loop at \crc_data [6] in axi_crc_top
Warning: Detected loop at \crc_data [7] in axi_crc_top
Warning: Detected loop at \crc_data [8] in axi_crc_top
Warning: Detected loop at \crc_result [0] in axi_crc_top
Warning: Detected loop at \crc_result [1] in axi_crc_top
Warning: Detected loop at \crc_result [2] in axi_crc_top
Warning: Detected loop at \crc_result [3] in axi_crc_top
Warning: Detected loop at \crc_result [4] in axi_crc_top
Warning: Detected loop at \crc_result [5] in axi_crc_top
Warning: Detected loop at \crc_result [6] in axi_crc_top
Warning: Detected loop at \crc_result [7] in axi_crc_top
Warning: Detected loop at \crc_result [8] in axi_crc_top
Warning: Detected loop at \crc_data [0] in axi_crc_top
Warning: Detected loop at \crc_data [1] in axi_crc_top
Warning: Detected loop at \crc_data [2] in axi_crc_top
Warning: Detected loop at \crc_data [3] in axi_crc_top
Warning: Detected loop at \crc_data [4] in axi_crc_top
Warning: Detected loop at \crc_data [5] in axi_crc_top
Warning: Detected loop at \crc_data [6] in axi_crc_top
Warning: Detected loop at \crc_data [7] in axi_crc_top
Warning: Detected loop at \crc_data [8] in axi_crc_top
Warning: Detected loop at \crc_data [9] in axi_crc_top
Warning: Detected loop at \crc_result [0] in axi_crc_top
Warning: Detected loop at \crc_result [1] in axi_crc_top
Warning: Detected loop at \crc_result [2] in axi_crc_top
Warning: Detected loop at \crc_result [3] in axi_crc_top
Warning: Detected loop at \crc_result [4] in axi_crc_top
Warning: Detected loop at \crc_result [5] in axi_crc_top
Warning: Detected loop at \crc_result [6] in axi_crc_top
Warning: Detected loop at \crc_result [7] in axi_crc_top
Warning: Detected loop at \crc_result [8] in axi_crc_top
Warning: Detected loop at \crc_result [9] in axi_crc_top
Warning: Detected loop at \crc_data [0] in axi_crc_top
Warning: Detected loop at \crc_data [1] in axi_crc_top
Warning: Detected loop at \crc_data [2] in axi_crc_top
Warning: Detected loop at \crc_data [3] in axi_crc_top
Warning: Detected loop at \crc_data [4] in axi_crc_top
Warning: Detected loop at \crc_data [5] in axi_crc_top
Warning: Detected loop at \crc_data [6] in axi_crc_top
Warning: Detected loop at \crc_data [7] in axi_crc_top
Warning: Detected loop at \crc_data [8] in axi_crc_top
Warning: Detected loop at \crc_data [9] in axi_crc_top
Warning: Detected loop at \crc_data [10] in axi_crc_top
Warning: Detected loop at \crc_result [0] in axi_crc_top
Warning: Detected loop at \crc_result [1] in axi_crc_top
Warning: Detected loop at \crc_result [2] in axi_crc_top
Warning: Detected loop at \crc_result [3] in axi_crc_top
Warning: Detected loop at \crc_result [4] in axi_crc_top
Warning: Detected loop at \crc_result [5] in axi_crc_top
Warning: Detected loop at \crc_result [6] in axi_crc_top
Warning: Detected loop at \crc_result [7] in axi_crc_top
Warning: Detected loop at \crc_result [8] in axi_crc_top
Warning: Detected loop at \crc_result [9] in axi_crc_top
Warning: Detected loop at \crc_result [10] in axi_crc_top
Warning: Detected loop at \crc_data [0] in axi_crc_top
Warning: Detected loop at \crc_data [1] in axi_crc_top
Warning: Detected loop at \crc_data [2] in axi_crc_top
Warning: Detected loop at \crc_data [3] in axi_crc_top
Warning: Detected loop at \crc_data [4] in axi_crc_top
Warning: Detected loop at \crc_data [5] in axi_crc_top
Warning: Detected loop at \crc_data [6] in axi_crc_top
Warning: Detected loop at \crc_data [7] in axi_crc_top
Warning: Detected loop at \crc_data [8] in axi_crc_top
Warning: Detected loop at \crc_data [9] in axi_crc_top
Warning: Detected loop at \crc_data [10] in axi_crc_top
Warning: Detected loop at \crc_data [11] in axi_crc_top
Warning: Detected loop at \crc_result [0] in axi_crc_top
Warning: Detected loop at \crc_result [1] in axi_crc_top
Warning: Detected loop at \crc_result [2] in axi_crc_top
Warning: Detected loop at \crc_result [3] in axi_crc_top
Warning: Detected loop at \crc_result [4] in axi_crc_top
Warning: Detected loop at \crc_result [5] in axi_crc_top
Warning: Detected loop at \crc_result [6] in axi_crc_top
Warning: Detected loop at \crc_result [7] in axi_crc_top
Warning: Detected loop at \crc_result [8] in axi_crc_top
Warning: Detected loop at \crc_result [9] in axi_crc_top
Warning: Detected loop at \crc_result [10] in axi_crc_top
Warning: Detected loop at \crc_result [11] in axi_crc_top
Warning: Detected loop at \crc_data [0] in axi_crc_top
Warning: Detected loop at \crc_data [1] in axi_crc_top
Warning: Detected loop at \crc_data [2] in axi_crc_top
Warning: Detected loop at \crc_data [3] in axi_crc_top
Warning: Detected loop at \crc_data [4] in axi_crc_top
Warning: Detected loop at \crc_data [5] in axi_crc_top
Warning: Detected loop at \crc_data [6] in axi_crc_top
Warning: Detected loop at \crc_data [7] in axi_crc_top
Warning: Detected loop at \crc_data [8] in axi_crc_top
Warning: Detected loop at \crc_data [9] in axi_crc_top
Warning: Detected loop at \crc_data [10] in axi_crc_top
Warning: Detected loop at \crc_data [11] in axi_crc_top
Warning: Detected loop at \crc_data [12] in axi_crc_top
Warning: Detected loop at \crc_result [0] in axi_crc_top
Warning: Detected loop at \crc_result [1] in axi_crc_top
Warning: Detected loop at \crc_result [2] in axi_crc_top
Warning: Detected loop at \crc_result [3] in axi_crc_top
Warning: Detected loop at \crc_result [4] in axi_crc_top
Warning: Detected loop at \crc_result [5] in axi_crc_top
Warning: Detected loop at \crc_result [6] in axi_crc_top
Warning: Detected loop at \crc_result [7] in axi_crc_top
Warning: Detected loop at \crc_result [8] in axi_crc_top
Warning: Detected loop at \crc_result [9] in axi_crc_top
Warning: Detected loop at \crc_result [10] in axi_crc_top
Warning: Detected loop at \crc_result [11] in axi_crc_top
Warning: Detected loop at \crc_result [12] in axi_crc_top
Warning: Detected loop at \crc_data [0] in axi_crc_top
Warning: Detected loop at \crc_data [1] in axi_crc_top
Warning: Detected loop at \crc_data [2] in axi_crc_top
Warning: Detected loop at \crc_data [3] in axi_crc_top
Warning: Detected loop at \crc_data [4] in axi_crc_top
Warning: Detected loop at \crc_data [5] in axi_crc_top
Warning: Detected loop at \crc_data [6] in axi_crc_top
Warning: Detected loop at \crc_data [7] in axi_crc_top
Warning: Detected loop at \crc_data [8] in axi_crc_top
Warning: Detected loop at \crc_data [9] in axi_crc_top
Warning: Detected loop at \crc_data [10] in axi_crc_top
Warning: Detected loop at \crc_data [11] in axi_crc_top
Warning: Detected loop at \crc_data [12] in axi_crc_top
Warning: Detected loop at \crc_data [13] in axi_crc_top
Warning: Detected loop at \crc_result [0] in axi_crc_top
Warning: Detected loop at \crc_result [1] in axi_crc_top
Warning: Detected loop at \crc_result [2] in axi_crc_top
Warning: Detected loop at \crc_result [3] in axi_crc_top
Warning: Detected loop at \crc_result [4] in axi_crc_top
Warning: Detected loop at \crc_result [5] in axi_crc_top
Warning: Detected loop at \crc_result [6] in axi_crc_top
Warning: Detected loop at \crc_result [7] in axi_crc_top
Warning: Detected loop at \crc_result [8] in axi_crc_top
Warning: Detected loop at \crc_result [9] in axi_crc_top
Warning: Detected loop at \crc_result [10] in axi_crc_top
Warning: Detected loop at \crc_result [11] in axi_crc_top
Warning: Detected loop at \crc_result [12] in axi_crc_top
Warning: Detected loop at \crc_result [13] in axi_crc_top
Warning: Detected loop at \crc_data [0] in axi_crc_top
Warning: Detected loop at \crc_data [1] in axi_crc_top
Warning: Detected loop at \crc_data [2] in axi_crc_top
Warning: Detected loop at \crc_data [3] in axi_crc_top
Warning: Detected loop at \crc_data [4] in axi_crc_top
Warning: Detected loop at \crc_data [5] in axi_crc_top
Warning: Detected loop at \crc_data [6] in axi_crc_top
Warning: Detected loop at \crc_data [7] in axi_crc_top
Warning: Detected loop at \crc_data [8] in axi_crc_top
Warning: Detected loop at \crc_data [9] in axi_crc_top
Warning: Detected loop at \crc_data [10] in axi_crc_top
Warning: Detected loop at \crc_data [11] in axi_crc_top
Warning: Detected loop at \crc_data [12] in axi_crc_top
Warning: Detected loop at \crc_data [13] in axi_crc_top
Warning: Detected loop at \crc_data [14] in axi_crc_top
Warning: Detected loop at \crc_result [0] in axi_crc_top
Warning: Detected loop at \crc_result [1] in axi_crc_top
Warning: Detected loop at \crc_result [2] in axi_crc_top
Warning: Detected loop at \crc_result [3] in axi_crc_top
Warning: Detected loop at \crc_result [4] in axi_crc_top
Warning: Detected loop at \crc_result [5] in axi_crc_top
Warning: Detected loop at \crc_result [6] in axi_crc_top
Warning: Detected loop at \crc_result [7] in axi_crc_top
Warning: Detected loop at \crc_result [8] in axi_crc_top
Warning: Detected loop at \crc_result [9] in axi_crc_top
Warning: Detected loop at \crc_result [10] in axi_crc_top
Warning: Detected loop at \crc_result [11] in axi_crc_top
Warning: Detected loop at \crc_result [12] in axi_crc_top
Warning: Detected loop at \crc_result [13] in axi_crc_top
Warning: Detected loop at \crc_result [14] in axi_crc_top
Warning: Detected loop at \crc_data [0] in axi_crc_top
Warning: Detected loop at \crc_data [1] in axi_crc_top
Warning: Detected loop at \crc_data [2] in axi_crc_top
Warning: Detected loop at \crc_data [3] in axi_crc_top
Warning: Detected loop at \crc_data [4] in axi_crc_top
Warning: Detected loop at \crc_data [5] in axi_crc_top
Warning: Detected loop at \crc_data [6] in axi_crc_top
Warning: Detected loop at \crc_data [7] in axi_crc_top
Warning: Detected loop at \crc_data [8] in axi_crc_top
Warning: Detected loop at \crc_data [9] in axi_crc_top
Warning: Detected loop at \crc_data [10] in axi_crc_top
Warning: Detected loop at \crc_data [11] in axi_crc_top
Warning: Detected loop at \crc_data [12] in axi_crc_top
Warning: Detected loop at \crc_data [13] in axi_crc_top
Warning: Detected loop at \crc_data [14] in axi_crc_top
Warning: Detected loop at \crc_data [15] in axi_crc_top
Warning: Detected loop at \crc_result [0] in axi_crc_top
Warning: Detected loop at \crc_result [1] in axi_crc_top
Warning: Detected loop at \crc_result [2] in axi_crc_top
Warning: Detected loop at \crc_result [3] in axi_crc_top
Warning: Detected loop at \crc_result [4] in axi_crc_top
Warning: Detected loop at \crc_result [5] in axi_crc_top
Warning: Detected loop at \crc_result [6] in axi_crc_top
Warning: Detected loop at \crc_result [7] in axi_crc_top
Warning: Detected loop at \crc_result [8] in axi_crc_top
Warning: Detected loop at \crc_result [9] in axi_crc_top
Warning: Detected loop at \crc_result [10] in axi_crc_top
Warning: Detected loop at \crc_result [11] in axi_crc_top
Warning: Detected loop at \crc_result [12] in axi_crc_top
Warning: Detected loop at \crc_result [13] in axi_crc_top
Warning: Detected loop at \crc_result [14] in axi_crc_top
Warning: Detected loop at \crc_result [15] in axi_crc_top
Warning: Detected loop at \crc_data [0] in axi_crc_top
Warning: Detected loop at \crc_data [1] in axi_crc_top
Warning: Detected loop at \crc_data [2] in axi_crc_top
Warning: Detected loop at \crc_data [3] in axi_crc_top
Warning: Detected loop at \crc_data [4] in axi_crc_top
Warning: Detected loop at \crc_data [5] in axi_crc_top
Warning: Detected loop at \crc_data [6] in axi_crc_top
Warning: Detected loop at \crc_data [7] in axi_crc_top
Warning: Detected loop at \crc_data [8] in axi_crc_top
Warning: Detected loop at \crc_data [9] in axi_crc_top
Warning: Detected loop at \crc_data [10] in axi_crc_top
Warning: Detected loop at \crc_data [11] in axi_crc_top
Warning: Detected loop at \crc_data [12] in axi_crc_top
Warning: Detected loop at \crc_data [13] in axi_crc_top
Warning: Detected loop at \crc_data [14] in axi_crc_top
Warning: Detected loop at \crc_data [15] in axi_crc_top
Warning: Detected loop at \crc_data [16] in axi_crc_top
Warning: Detected loop at \crc_result [0] in axi_crc_top
Warning: Detected loop at \crc_result [1] in axi_crc_top
Warning: Detected loop at \crc_result [2] in axi_crc_top
Warning: Detected loop at \crc_result [3] in axi_crc_top
Warning: Detected loop at \crc_result [4] in axi_crc_top
Warning: Detected loop at \crc_result [5] in axi_crc_top
Warning: Detected loop at \crc_result [6] in axi_crc_top
Warning: Detected loop at \crc_result [7] in axi_crc_top
Warning: Detected loop at \crc_result [8] in axi_crc_top
Warning: Detected loop at \crc_result [9] in axi_crc_top
Warning: Detected loop at \crc_result [10] in axi_crc_top
Warning: Detected loop at \crc_result [11] in axi_crc_top
Warning: Detected loop at \crc_result [12] in axi_crc_top
Warning: Detected loop at \crc_result [13] in axi_crc_top
Warning: Detected loop at \crc_result [14] in axi_crc_top
Warning: Detected loop at \crc_result [15] in axi_crc_top
Warning: Detected loop at \crc_result [16] in axi_crc_top
Warning: Detected loop at \crc_data [0] in axi_crc_top
Warning: Detected loop at \crc_data [1] in axi_crc_top
Warning: Detected loop at \crc_data [2] in axi_crc_top
Warning: Detected loop at \crc_data [3] in axi_crc_top
Warning: Detected loop at \crc_data [4] in axi_crc_top
Warning: Detected loop at \crc_data [5] in axi_crc_top
Warning: Detected loop at \crc_data [6] in axi_crc_top
Warning: Detected loop at \crc_data [7] in axi_crc_top
Warning: Detected loop at \crc_data [8] in axi_crc_top
Warning: Detected loop at \crc_data [9] in axi_crc_top
Warning: Detected loop at \crc_data [10] in axi_crc_top
Warning: Detected loop at \crc_data [11] in axi_crc_top
Warning: Detected loop at \crc_data [12] in axi_crc_top
Warning: Detected loop at \crc_data [13] in axi_crc_top
Warning: Detected loop at \crc_data [14] in axi_crc_top
Warning: Detected loop at \crc_data [15] in axi_crc_top
Warning: Detected loop at \crc_data [16] in axi_crc_top
Warning: Detected loop at \crc_data [17] in axi_crc_top
Warning: Detected loop at \crc_result [0] in axi_crc_top
Warning: Detected loop at \crc_result [1] in axi_crc_top
Warning: Detected loop at \crc_result [2] in axi_crc_top
Warning: Detected loop at \crc_result [3] in axi_crc_top
Warning: Detected loop at \crc_result [4] in axi_crc_top
Warning: Detected loop at \crc_result [5] in axi_crc_top
Warning: Detected loop at \crc_result [6] in axi_crc_top
Warning: Detected loop at \crc_result [7] in axi_crc_top
Warning: Detected loop at \crc_result [8] in axi_crc_top
Warning: Detected loop at \crc_result [9] in axi_crc_top
Warning: Detected loop at \crc_result [10] in axi_crc_top
Warning: Detected loop at \crc_result [11] in axi_crc_top
Warning: Detected loop at \crc_result [12] in axi_crc_top
Warning: Detected loop at \crc_result [13] in axi_crc_top
Warning: Detected loop at \crc_result [14] in axi_crc_top
Warning: Detected loop at \crc_result [15] in axi_crc_top
Warning: Detected loop at \crc_result [16] in axi_crc_top
Warning: Detected loop at \crc_result [17] in axi_crc_top
Warning: Detected loop at \crc_data [0] in axi_crc_top
Warning: Detected loop at \crc_data [1] in axi_crc_top
Warning: Detected loop at \crc_data [2] in axi_crc_top
Warning: Detected loop at \crc_data [3] in axi_crc_top
Warning: Detected loop at \crc_data [4] in axi_crc_top
Warning: Detected loop at \crc_data [5] in axi_crc_top
Warning: Detected loop at \crc_data [6] in axi_crc_top
Warning: Detected loop at \crc_data [7] in axi_crc_top
Warning: Detected loop at \crc_data [8] in axi_crc_top
Warning: Detected loop at \crc_data [9] in axi_crc_top
Warning: Detected loop at \crc_data [10] in axi_crc_top
Warning: Detected loop at \crc_data [11] in axi_crc_top
Warning: Detected loop at \crc_data [12] in axi_crc_top
Warning: Detected loop at \crc_data [13] in axi_crc_top
Warning: Detected loop at \crc_data [14] in axi_crc_top
Warning: Detected loop at \crc_data [15] in axi_crc_top
Warning: Detected loop at \crc_data [16] in axi_crc_top
Warning: Detected loop at \crc_data [17] in axi_crc_top
Warning: Detected loop at \crc_data [18] in axi_crc_top
Warning: Detected loop at \crc_result [0] in axi_crc_top
Warning: Detected loop at \crc_result [1] in axi_crc_top
Warning: Detected loop at \crc_result [2] in axi_crc_top
Warning: Detected loop at \crc_result [3] in axi_crc_top
Warning: Detected loop at \crc_result [4] in axi_crc_top
Warning: Detected loop at \crc_result [5] in axi_crc_top
Warning: Detected loop at \crc_result [6] in axi_crc_top
Warning: Detected loop at \crc_result [7] in axi_crc_top
Warning: Detected loop at \crc_result [8] in axi_crc_top
Warning: Detected loop at \crc_result [9] in axi_crc_top
Warning: Detected loop at \crc_result [10] in axi_crc_top
Warning: Detected loop at \crc_result [11] in axi_crc_top
Warning: Detected loop at \crc_result [12] in axi_crc_top
Warning: Detected loop at \crc_result [13] in axi_crc_top
Warning: Detected loop at \crc_result [14] in axi_crc_top
Warning: Detected loop at \crc_result [15] in axi_crc_top
Warning: Detected loop at \crc_result [16] in axi_crc_top
Warning: Detected loop at \crc_result [17] in axi_crc_top
Warning: Detected loop at \crc_result [18] in axi_crc_top
Warning: Detected loop at \crc_data [0] in axi_crc_top
Warning: Detected loop at \crc_data [1] in axi_crc_top
Warning: Detected loop at \crc_data [2] in axi_crc_top
Warning: Detected loop at \crc_data [3] in axi_crc_top
Warning: Detected loop at \crc_data [4] in axi_crc_top
Warning: Detected loop at \crc_data [5] in axi_crc_top
Warning: Detected loop at \crc_data [6] in axi_crc_top
Warning: Detected loop at \crc_data [7] in axi_crc_top
Warning: Detected loop at \crc_data [8] in axi_crc_top
Warning: Detected loop at \crc_data [9] in axi_crc_top
Warning: Detected loop at \crc_data [10] in axi_crc_top
Warning: Detected loop at \crc_data [11] in axi_crc_top
Warning: Detected loop at \crc_data [12] in axi_crc_top
Warning: Detected loop at \crc_data [13] in axi_crc_top
Warning: Detected loop at \crc_data [14] in axi_crc_top
Warning: Detected loop at \crc_data [15] in axi_crc_top
Warning: Detected loop at \crc_data [16] in axi_crc_top
Warning: Detected loop at \crc_data [17] in axi_crc_top
Warning: Detected loop at \crc_data [18] in axi_crc_top
Warning: Detected loop at \crc_data [19] in axi_crc_top
Warning: Detected loop at \crc_result [0] in axi_crc_top
Warning: Detected loop at \crc_result [1] in axi_crc_top
Warning: Detected loop at \crc_result [2] in axi_crc_top
Warning: Detected loop at \crc_result [3] in axi_crc_top
Warning: Detected loop at \crc_result [4] in axi_crc_top
Warning: Detected loop at \crc_result [5] in axi_crc_top
Warning: Detected loop at \crc_result [6] in axi_crc_top
Warning: Detected loop at \crc_result [7] in axi_crc_top
Warning: Detected loop at \crc_result [8] in axi_crc_top
Warning: Detected loop at \crc_result [9] in axi_crc_top
Warning: Detected loop at \crc_result [10] in axi_crc_top
Warning: Detected loop at \crc_result [11] in axi_crc_top
Warning: Detected loop at \crc_result [12] in axi_crc_top
Warning: Detected loop at \crc_result [13] in axi_crc_top
Warning: Detected loop at \crc_result [14] in axi_crc_top
Warning: Detected loop at \crc_result [15] in axi_crc_top
Warning: Detected loop at \crc_result [16] in axi_crc_top
Warning: Detected loop at \crc_result [17] in axi_crc_top
Warning: Detected loop at \crc_result [18] in axi_crc_top
Warning: Detected loop at \crc_result [19] in axi_crc_top
Warning: Detected loop at \crc_data [0] in axi_crc_top
Warning: Detected loop at \crc_data [1] in axi_crc_top
Warning: Detected loop at \crc_data [2] in axi_crc_top
Warning: Detected loop at \crc_data [3] in axi_crc_top
Warning: Detected loop at \crc_data [4] in axi_crc_top
Warning: Detected loop at \crc_data [5] in axi_crc_top
Warning: Detected loop at \crc_data [6] in axi_crc_top
Warning: Detected loop at \crc_data [7] in axi_crc_top
Warning: Detected loop at \crc_data [8] in axi_crc_top
Warning: Detected loop at \crc_data [9] in axi_crc_top
Warning: Detected loop at \crc_data [10] in axi_crc_top
Warning: Detected loop at \crc_data [11] in axi_crc_top
Warning: Detected loop at \crc_data [12] in axi_crc_top
Warning: Detected loop at \crc_data [13] in axi_crc_top
Warning: Detected loop at \crc_data [14] in axi_crc_top
Warning: Detected loop at \crc_data [15] in axi_crc_top
Warning: Detected loop at \crc_data [16] in axi_crc_top
Warning: Detected loop at \crc_data [17] in axi_crc_top
Warning: Detected loop at \crc_data [18] in axi_crc_top
Warning: Detected loop at \crc_data [19] in axi_crc_top
Warning: Detected loop at \crc_data [20] in axi_crc_top
Warning: Detected loop at \crc_result [0] in axi_crc_top
Warning: Detected loop at \crc_result [1] in axi_crc_top
Warning: Detected loop at \crc_result [2] in axi_crc_top
Warning: Detected loop at \crc_result [3] in axi_crc_top
Warning: Detected loop at \crc_result [4] in axi_crc_top
Warning: Detected loop at \crc_result [5] in axi_crc_top
Warning: Detected loop at \crc_result [6] in axi_crc_top
Warning: Detected loop at \crc_result [7] in axi_crc_top
Warning: Detected loop at \crc_result [8] in axi_crc_top
Warning: Detected loop at \crc_result [9] in axi_crc_top
Warning: Detected loop at \crc_result [10] in axi_crc_top
Warning: Detected loop at \crc_result [11] in axi_crc_top
Warning: Detected loop at \crc_result [12] in axi_crc_top
Warning: Detected loop at \crc_result [13] in axi_crc_top
Warning: Detected loop at \crc_result [14] in axi_crc_top
Warning: Detected loop at \crc_result [15] in axi_crc_top
Warning: Detected loop at \crc_result [16] in axi_crc_top
Warning: Detected loop at \crc_result [17] in axi_crc_top
Warning: Detected loop at \crc_result [18] in axi_crc_top
Warning: Detected loop at \crc_result [19] in axi_crc_top
Warning: Detected loop at \crc_result [20] in axi_crc_top
Warning: Detected loop at \crc_data [0] in axi_crc_top
Warning: Detected loop at \crc_data [1] in axi_crc_top
Warning: Detected loop at \crc_data [2] in axi_crc_top
Warning: Detected loop at \crc_data [3] in axi_crc_top
Warning: Detected loop at \crc_data [4] in axi_crc_top
Warning: Detected loop at \crc_data [5] in axi_crc_top
Warning: Detected loop at \crc_data [6] in axi_crc_top
Warning: Detected loop at \crc_data [7] in axi_crc_top
Warning: Detected loop at \crc_data [8] in axi_crc_top
Warning: Detected loop at \crc_data [9] in axi_crc_top
Warning: Detected loop at \crc_data [10] in axi_crc_top
Warning: Detected loop at \crc_data [11] in axi_crc_top
Warning: Detected loop at \crc_data [12] in axi_crc_top
Warning: Detected loop at \crc_data [13] in axi_crc_top
Warning: Detected loop at \crc_data [14] in axi_crc_top
Warning: Detected loop at \crc_data [15] in axi_crc_top
Warning: Detected loop at \crc_data [16] in axi_crc_top
Warning: Detected loop at \crc_data [17] in axi_crc_top
Warning: Detected loop at \crc_data [18] in axi_crc_top
Warning: Detected loop at \crc_data [19] in axi_crc_top
Warning: Detected loop at \crc_data [20] in axi_crc_top
Warning: Detected loop at \crc_data [21] in axi_crc_top
Warning: Detected loop at \crc_result [0] in axi_crc_top
Warning: Detected loop at \crc_result [1] in axi_crc_top
Warning: Detected loop at \crc_result [2] in axi_crc_top
Warning: Detected loop at \crc_result [3] in axi_crc_top
Warning: Detected loop at \crc_result [4] in axi_crc_top
Warning: Detected loop at \crc_result [5] in axi_crc_top
Warning: Detected loop at \crc_result [6] in axi_crc_top
Warning: Detected loop at \crc_result [7] in axi_crc_top
Warning: Detected loop at \crc_result [8] in axi_crc_top
Warning: Detected loop at \crc_result [9] in axi_crc_top
Warning: Detected loop at \crc_result [10] in axi_crc_top
Warning: Detected loop at \crc_result [11] in axi_crc_top
Warning: Detected loop at \crc_result [12] in axi_crc_top
Warning: Detected loop at \crc_result [13] in axi_crc_top
Warning: Detected loop at \crc_result [14] in axi_crc_top
Warning: Detected loop at \crc_result [15] in axi_crc_top
Warning: Detected loop at \crc_result [16] in axi_crc_top
Warning: Detected loop at \crc_result [17] in axi_crc_top
Warning: Detected loop at \crc_result [18] in axi_crc_top
Warning: Detected loop at \crc_result [19] in axi_crc_top
Warning: Detected loop at \crc_result [20] in axi_crc_top
Warning: Detected loop at \crc_result [21] in axi_crc_top
Warning: Detected loop at \crc_data [0] in axi_crc_top
Warning: Detected loop at \crc_data [1] in axi_crc_top
Warning: Detected loop at \crc_data [2] in axi_crc_top
Warning: Detected loop at \crc_data [3] in axi_crc_top
Warning: Detected loop at \crc_data [4] in axi_crc_top
Warning: Detected loop at \crc_data [5] in axi_crc_top
Warning: Detected loop at \crc_data [6] in axi_crc_top
Warning: Detected loop at \crc_data [7] in axi_crc_top
Warning: Detected loop at \crc_data [8] in axi_crc_top
Warning: Detected loop at \crc_data [9] in axi_crc_top
Warning: Detected loop at \crc_data [10] in axi_crc_top
Warning: Detected loop at \crc_data [11] in axi_crc_top
Warning: Detected loop at \crc_data [12] in axi_crc_top
Warning: Detected loop at \crc_data [13] in axi_crc_top
Warning: Detected loop at \crc_data [14] in axi_crc_top
Warning: Detected loop at \crc_data [15] in axi_crc_top
Warning: Detected loop at \crc_data [16] in axi_crc_top
Warning: Detected loop at \crc_data [17] in axi_crc_top
Warning: Detected loop at \crc_data [18] in axi_crc_top
Warning: Detected loop at \crc_data [19] in axi_crc_top
Warning: Detected loop at \crc_data [20] in axi_crc_top
Warning: Detected loop at \crc_data [21] in axi_crc_top
Warning: Detected loop at \crc_data [22] in axi_crc_top
Warning: Detected loop at \crc_result [0] in axi_crc_top
Warning: Detected loop at \crc_result [1] in axi_crc_top
Warning: Detected loop at \crc_result [2] in axi_crc_top
Warning: Detected loop at \crc_result [3] in axi_crc_top
Warning: Detected loop at \crc_result [4] in axi_crc_top
Warning: Detected loop at \crc_result [5] in axi_crc_top
Warning: Detected loop at \crc_result [6] in axi_crc_top
Warning: Detected loop at \crc_result [7] in axi_crc_top
Warning: Detected loop at \crc_result [8] in axi_crc_top
Warning: Detected loop at \crc_result [9] in axi_crc_top
Warning: Detected loop at \crc_result [10] in axi_crc_top
Warning: Detected loop at \crc_result [11] in axi_crc_top
Warning: Detected loop at \crc_result [12] in axi_crc_top
Warning: Detected loop at \crc_result [13] in axi_crc_top
Warning: Detected loop at \crc_result [14] in axi_crc_top
Warning: Detected loop at \crc_result [15] in axi_crc_top
Warning: Detected loop at \crc_result [16] in axi_crc_top
Warning: Detected loop at \crc_result [17] in axi_crc_top
Warning: Detected loop at \crc_result [18] in axi_crc_top
Warning: Detected loop at \crc_result [19] in axi_crc_top
Warning: Detected loop at \crc_result [20] in axi_crc_top
Warning: Detected loop at \crc_result [21] in axi_crc_top
Warning: Detected loop at \crc_result [22] in axi_crc_top
Warning: Detected loop at \crc_data [0] in axi_crc_top
Warning: Detected loop at \crc_data [1] in axi_crc_top
Warning: Detected loop at \crc_data [2] in axi_crc_top
Warning: Detected loop at \crc_data [3] in axi_crc_top
Warning: Detected loop at \crc_data [4] in axi_crc_top
Warning: Detected loop at \crc_data [5] in axi_crc_top
Warning: Detected loop at \crc_data [6] in axi_crc_top
Warning: Detected loop at \crc_data [7] in axi_crc_top
Warning: Detected loop at \crc_data [8] in axi_crc_top
Warning: Detected loop at \crc_data [9] in axi_crc_top
Warning: Detected loop at \crc_data [10] in axi_crc_top
Warning: Detected loop at \crc_data [11] in axi_crc_top
Warning: Detected loop at \crc_data [12] in axi_crc_top
Warning: Detected loop at \crc_data [13] in axi_crc_top
Warning: Detected loop at \crc_data [14] in axi_crc_top
Warning: Detected loop at \crc_data [15] in axi_crc_top
Warning: Detected loop at \crc_data [16] in axi_crc_top
Warning: Detected loop at \crc_data [17] in axi_crc_top
Warning: Detected loop at \crc_data [18] in axi_crc_top
Warning: Detected loop at \crc_data [19] in axi_crc_top
Warning: Detected loop at \crc_data [20] in axi_crc_top
Warning: Detected loop at \crc_data [21] in axi_crc_top
Warning: Detected loop at \crc_data [22] in axi_crc_top
Warning: Detected loop at \crc_data [23] in axi_crc_top
Warning: Detected loop at \crc_result [0] in axi_crc_top
Warning: Detected loop at \crc_result [1] in axi_crc_top
Warning: Detected loop at \crc_result [2] in axi_crc_top
Warning: Detected loop at \crc_result [3] in axi_crc_top
Warning: Detected loop at \crc_result [4] in axi_crc_top
Warning: Detected loop at \crc_result [5] in axi_crc_top
Warning: Detected loop at \crc_result [6] in axi_crc_top
Warning: Detected loop at \crc_result [7] in axi_crc_top
Warning: Detected loop at \crc_result [8] in axi_crc_top
Warning: Detected loop at \crc_result [9] in axi_crc_top
Warning: Detected loop at \crc_result [10] in axi_crc_top
Warning: Detected loop at \crc_result [11] in axi_crc_top
Warning: Detected loop at \crc_result [12] in axi_crc_top
Warning: Detected loop at \crc_result [13] in axi_crc_top
Warning: Detected loop at \crc_result [14] in axi_crc_top
Warning: Detected loop at \crc_result [15] in axi_crc_top
Warning: Detected loop at \crc_result [16] in axi_crc_top
Warning: Detected loop at \crc_result [17] in axi_crc_top
Warning: Detected loop at \crc_result [18] in axi_crc_top
Warning: Detected loop at \crc_result [19] in axi_crc_top
Warning: Detected loop at \crc_result [20] in axi_crc_top
Warning: Detected loop at \crc_result [21] in axi_crc_top
Warning: Detected loop at \crc_result [22] in axi_crc_top
Warning: Detected loop at \crc_result [23] in axi_crc_top
Warning: Detected loop at \crc_data [0] in axi_crc_top
Warning: Detected loop at \crc_data [1] in axi_crc_top
Warning: Detected loop at \crc_data [2] in axi_crc_top
Warning: Detected loop at \crc_data [3] in axi_crc_top
Warning: Detected loop at \crc_data [4] in axi_crc_top
Warning: Detected loop at \crc_data [5] in axi_crc_top
Warning: Detected loop at \crc_data [6] in axi_crc_top
Warning: Detected loop at \crc_data [7] in axi_crc_top
Warning: Detected loop at \crc_data [8] in axi_crc_top
Warning: Detected loop at \crc_data [9] in axi_crc_top
Warning: Detected loop at \crc_data [10] in axi_crc_top
Warning: Detected loop at \crc_data [11] in axi_crc_top
Warning: Detected loop at \crc_data [12] in axi_crc_top
Warning: Detected loop at \crc_data [13] in axi_crc_top
Warning: Detected loop at \crc_data [14] in axi_crc_top
Warning: Detected loop at \crc_data [15] in axi_crc_top
Warning: Detected loop at \crc_data [16] in axi_crc_top
Warning: Detected loop at \crc_data [17] in axi_crc_top
Warning: Detected loop at \crc_data [18] in axi_crc_top
Warning: Detected loop at \crc_data [19] in axi_crc_top
Warning: Detected loop at \crc_data [20] in axi_crc_top
Warning: Detected loop at \crc_data [21] in axi_crc_top
Warning: Detected loop at \crc_data [22] in axi_crc_top
Warning: Detected loop at \crc_data [23] in axi_crc_top
Warning: Detected loop at \crc_data [24] in axi_crc_top
Warning: Detected loop at \crc_result [0] in axi_crc_top
Warning: Detected loop at \crc_result [1] in axi_crc_top
Warning: Detected loop at \crc_result [2] in axi_crc_top
Warning: Detected loop at \crc_result [3] in axi_crc_top
Warning: Detected loop at \crc_result [4] in axi_crc_top
Warning: Detected loop at \crc_result [5] in axi_crc_top
Warning: Detected loop at \crc_result [6] in axi_crc_top
Warning: Detected loop at \crc_result [7] in axi_crc_top
Warning: Detected loop at \crc_result [8] in axi_crc_top
Warning: Detected loop at \crc_result [9] in axi_crc_top
Warning: Detected loop at \crc_result [10] in axi_crc_top
Warning: Detected loop at \crc_result [11] in axi_crc_top
Warning: Detected loop at \crc_result [12] in axi_crc_top
Warning: Detected loop at \crc_result [13] in axi_crc_top
Warning: Detected loop at \crc_result [14] in axi_crc_top
Warning: Detected loop at \crc_result [15] in axi_crc_top
Warning: Detected loop at \crc_result [16] in axi_crc_top
Warning: Detected loop at \crc_result [17] in axi_crc_top
Warning: Detected loop at \crc_result [18] in axi_crc_top
Warning: Detected loop at \crc_result [19] in axi_crc_top
Warning: Detected loop at \crc_result [20] in axi_crc_top
Warning: Detected loop at \crc_result [21] in axi_crc_top
Warning: Detected loop at \crc_result [22] in axi_crc_top
Warning: Detected loop at \crc_result [23] in axi_crc_top
Warning: Detected loop at \crc_result [24] in axi_crc_top
Warning: Detected loop at \crc_data [0] in axi_crc_top
Warning: Detected loop at \crc_data [1] in axi_crc_top
Warning: Detected loop at \crc_data [2] in axi_crc_top
Warning: Detected loop at \crc_data [3] in axi_crc_top
Warning: Detected loop at \crc_data [4] in axi_crc_top
Warning: Detected loop at \crc_data [5] in axi_crc_top
Warning: Detected loop at \crc_data [6] in axi_crc_top
Warning: Detected loop at \crc_data [7] in axi_crc_top
Warning: Detected loop at \crc_data [8] in axi_crc_top
Warning: Detected loop at \crc_data [9] in axi_crc_top
Warning: Detected loop at \crc_data [10] in axi_crc_top
Warning: Detected loop at \crc_data [11] in axi_crc_top
Warning: Detected loop at \crc_data [12] in axi_crc_top
Warning: Detected loop at \crc_data [13] in axi_crc_top
Warning: Detected loop at \crc_data [14] in axi_crc_top
Warning: Detected loop at \crc_data [15] in axi_crc_top
Warning: Detected loop at \crc_data [16] in axi_crc_top
Warning: Detected loop at \crc_data [17] in axi_crc_top
Warning: Detected loop at \crc_data [18] in axi_crc_top
Warning: Detected loop at \crc_data [19] in axi_crc_top
Warning: Detected loop at \crc_data [20] in axi_crc_top
Warning: Detected loop at \crc_data [21] in axi_crc_top
Warning: Detected loop at \crc_data [22] in axi_crc_top
Warning: Detected loop at \crc_data [23] in axi_crc_top
Warning: Detected loop at \crc_data [24] in axi_crc_top
Warning: Detected loop at \crc_data [25] in axi_crc_top
Warning: Detected loop at \crc_result [0] in axi_crc_top
Warning: Detected loop at \crc_result [1] in axi_crc_top
Warning: Detected loop at \crc_result [2] in axi_crc_top
Warning: Detected loop at \crc_result [3] in axi_crc_top
Warning: Detected loop at \crc_result [4] in axi_crc_top
Warning: Detected loop at \crc_result [5] in axi_crc_top
Warning: Detected loop at \crc_result [6] in axi_crc_top
Warning: Detected loop at \crc_result [7] in axi_crc_top
Warning: Detected loop at \crc_result [8] in axi_crc_top
Warning: Detected loop at \crc_result [9] in axi_crc_top
Warning: Detected loop at \crc_result [10] in axi_crc_top
Warning: Detected loop at \crc_result [11] in axi_crc_top
Warning: Detected loop at \crc_result [12] in axi_crc_top
Warning: Detected loop at \crc_result [13] in axi_crc_top
Warning: Detected loop at \crc_result [14] in axi_crc_top
Warning: Detected loop at \crc_result [15] in axi_crc_top
Warning: Detected loop at \crc_result [16] in axi_crc_top
Warning: Detected loop at \crc_result [17] in axi_crc_top
Warning: Detected loop at \crc_result [18] in axi_crc_top
Warning: Detected loop at \crc_result [19] in axi_crc_top
Warning: Detected loop at \crc_result [20] in axi_crc_top
Warning: Detected loop at \crc_result [21] in axi_crc_top
Warning: Detected loop at \crc_result [22] in axi_crc_top
Warning: Detected loop at \crc_result [23] in axi_crc_top
Warning: Detected loop at \crc_result [24] in axi_crc_top
Warning: Detected loop at \crc_result [25] in axi_crc_top
Warning: Detected loop at \crc_data [0] in axi_crc_top
Warning: Detected loop at \crc_data [1] in axi_crc_top
Warning: Detected loop at \crc_data [2] in axi_crc_top
Warning: Detected loop at \crc_data [3] in axi_crc_top
Warning: Detected loop at \crc_data [4] in axi_crc_top
Warning: Detected loop at \crc_data [5] in axi_crc_top
Warning: Detected loop at \crc_data [6] in axi_crc_top
Warning: Detected loop at \crc_data [7] in axi_crc_top
Warning: Detected loop at \crc_data [8] in axi_crc_top
Warning: Detected loop at \crc_data [9] in axi_crc_top
Warning: Detected loop at \crc_data [10] in axi_crc_top
Warning: Detected loop at \crc_data [11] in axi_crc_top
Warning: Detected loop at \crc_data [12] in axi_crc_top
Warning: Detected loop at \crc_data [13] in axi_crc_top
Warning: Detected loop at \crc_data [14] in axi_crc_top
Warning: Detected loop at \crc_data [15] in axi_crc_top
Warning: Detected loop at \crc_data [16] in axi_crc_top
Warning: Detected loop at \crc_data [17] in axi_crc_top
Warning: Detected loop at \crc_data [18] in axi_crc_top
Warning: Detected loop at \crc_data [19] in axi_crc_top
Warning: Detected loop at \crc_data [20] in axi_crc_top
Warning: Detected loop at \crc_data [21] in axi_crc_top
Warning: Detected loop at \crc_data [22] in axi_crc_top
Warning: Detected loop at \crc_data [23] in axi_crc_top
Warning: Detected loop at \crc_data [24] in axi_crc_top
Warning: Detected loop at \crc_data [25] in axi_crc_top
Warning: Detected loop at \crc_data [26] in axi_crc_top
Warning: Detected loop at \crc_result [0] in axi_crc_top
Warning: Detected loop at \crc_result [1] in axi_crc_top
Warning: Detected loop at \crc_result [2] in axi_crc_top
Warning: Detected loop at \crc_result [3] in axi_crc_top
Warning: Detected loop at \crc_result [4] in axi_crc_top
Warning: Detected loop at \crc_result [5] in axi_crc_top
Warning: Detected loop at \crc_result [6] in axi_crc_top
Warning: Detected loop at \crc_result [7] in axi_crc_top
Warning: Detected loop at \crc_result [8] in axi_crc_top
Warning: Detected loop at \crc_result [9] in axi_crc_top
Warning: Detected loop at \crc_result [10] in axi_crc_top
Warning: Detected loop at \crc_result [11] in axi_crc_top
Warning: Detected loop at \crc_result [12] in axi_crc_top
Warning: Detected loop at \crc_result [13] in axi_crc_top
Warning: Detected loop at \crc_result [14] in axi_crc_top
Warning: Detected loop at \crc_result [15] in axi_crc_top
Warning: Detected loop at \crc_result [16] in axi_crc_top
Warning: Detected loop at \crc_result [17] in axi_crc_top
Warning: Detected loop at \crc_result [18] in axi_crc_top
Warning: Detected loop at \crc_result [19] in axi_crc_top
Warning: Detected loop at \crc_result [20] in axi_crc_top
Warning: Detected loop at \crc_result [21] in axi_crc_top
Warning: Detected loop at \crc_result [22] in axi_crc_top
Warning: Detected loop at \crc_result [23] in axi_crc_top
Warning: Detected loop at \crc_result [24] in axi_crc_top
Warning: Detected loop at \crc_result [25] in axi_crc_top
Warning: Detected loop at \crc_result [26] in axi_crc_top
Warning: Detected loop at \crc_data [0] in axi_crc_top
Warning: Detected loop at \crc_data [1] in axi_crc_top
Warning: Detected loop at \crc_data [2] in axi_crc_top
Warning: Detected loop at \crc_data [3] in axi_crc_top
Warning: Detected loop at \crc_data [4] in axi_crc_top
Warning: Detected loop at \crc_data [5] in axi_crc_top
Warning: Detected loop at \crc_data [6] in axi_crc_top
Warning: Detected loop at \crc_data [7] in axi_crc_top
Warning: Detected loop at \crc_data [8] in axi_crc_top
Warning: Detected loop at \crc_data [9] in axi_crc_top
Warning: Detected loop at \crc_data [10] in axi_crc_top
Warning: Detected loop at \crc_data [11] in axi_crc_top
Warning: Detected loop at \crc_data [12] in axi_crc_top
Warning: Detected loop at \crc_data [13] in axi_crc_top
Warning: Detected loop at \crc_data [14] in axi_crc_top
Warning: Detected loop at \crc_data [15] in axi_crc_top
Warning: Detected loop at \crc_data [16] in axi_crc_top
Warning: Detected loop at \crc_data [17] in axi_crc_top
Warning: Detected loop at \crc_data [18] in axi_crc_top
Warning: Detected loop at \crc_data [19] in axi_crc_top
Warning: Detected loop at \crc_data [20] in axi_crc_top
Warning: Detected loop at \crc_data [21] in axi_crc_top
Warning: Detected loop at \crc_data [22] in axi_crc_top
Warning: Detected loop at \crc_data [23] in axi_crc_top
Warning: Detected loop at \crc_data [24] in axi_crc_top
Warning: Detected loop at \crc_data [25] in axi_crc_top
Warning: Detected loop at \crc_data [26] in axi_crc_top
Warning: Detected loop at \crc_data [27] in axi_crc_top
Warning: Detected loop at \crc_result [0] in axi_crc_top
Warning: Detected loop at \crc_result [1] in axi_crc_top
Warning: Detected loop at \crc_result [2] in axi_crc_top
Warning: Detected loop at \crc_result [3] in axi_crc_top
Warning: Detected loop at \crc_result [4] in axi_crc_top
Warning: Detected loop at \crc_result [5] in axi_crc_top
Warning: Detected loop at \crc_result [6] in axi_crc_top
Warning: Detected loop at \crc_result [7] in axi_crc_top
Warning: Detected loop at \crc_result [8] in axi_crc_top
Warning: Detected loop at \crc_result [9] in axi_crc_top
Warning: Detected loop at \crc_result [10] in axi_crc_top
Warning: Detected loop at \crc_result [11] in axi_crc_top
Warning: Detected loop at \crc_result [12] in axi_crc_top
Warning: Detected loop at \crc_result [13] in axi_crc_top
Warning: Detected loop at \crc_result [14] in axi_crc_top
Warning: Detected loop at \crc_result [15] in axi_crc_top
Warning: Detected loop at \crc_result [16] in axi_crc_top
Warning: Detected loop at \crc_result [17] in axi_crc_top
Warning: Detected loop at \crc_result [18] in axi_crc_top
Warning: Detected loop at \crc_result [19] in axi_crc_top
Warning: Detected loop at \crc_result [20] in axi_crc_top
Warning: Detected loop at \crc_result [21] in axi_crc_top
Warning: Detected loop at \crc_result [22] in axi_crc_top
Warning: Detected loop at \crc_result [23] in axi_crc_top
Warning: Detected loop at \crc_result [24] in axi_crc_top
Warning: Detected loop at \crc_result [25] in axi_crc_top
Warning: Detected loop at \crc_result [26] in axi_crc_top
Warning: Detected loop at \crc_result [27] in axi_crc_top
Warning: Detected loop at \crc_data [0] in axi_crc_top
Warning: Detected loop at \crc_data [1] in axi_crc_top
Warning: Detected loop at \crc_data [2] in axi_crc_top
Warning: Detected loop at \crc_data [3] in axi_crc_top
Warning: Detected loop at \crc_data [4] in axi_crc_top
Warning: Detected loop at \crc_data [5] in axi_crc_top
Warning: Detected loop at \crc_data [6] in axi_crc_top
Warning: Detected loop at \crc_data [7] in axi_crc_top
Warning: Detected loop at \crc_data [8] in axi_crc_top
Warning: Detected loop at \crc_data [9] in axi_crc_top
Warning: Detected loop at \crc_data [10] in axi_crc_top
Warning: Detected loop at \crc_data [11] in axi_crc_top
Warning: Detected loop at \crc_data [12] in axi_crc_top
Warning: Detected loop at \crc_data [13] in axi_crc_top
Warning: Detected loop at \crc_data [14] in axi_crc_top
Warning: Detected loop at \crc_data [15] in axi_crc_top
Warning: Detected loop at \crc_data [16] in axi_crc_top
Warning: Detected loop at \crc_data [17] in axi_crc_top
Warning: Detected loop at \crc_data [18] in axi_crc_top
Warning: Detected loop at \crc_data [19] in axi_crc_top
Warning: Detected loop at \crc_data [20] in axi_crc_top
Warning: Detected loop at \crc_data [21] in axi_crc_top
Warning: Detected loop at \crc_data [22] in axi_crc_top
Warning: Detected loop at \crc_data [23] in axi_crc_top
Warning: Detected loop at \crc_data [24] in axi_crc_top
Warning: Detected loop at \crc_data [25] in axi_crc_top
Warning: Detected loop at \crc_data [26] in axi_crc_top
Warning: Detected loop at \crc_data [27] in axi_crc_top
Warning: Detected loop at \crc_data [28] in axi_crc_top
Warning: Detected loop at \crc_result [0] in axi_crc_top
Warning: Detected loop at \crc_result [1] in axi_crc_top
Warning: Detected loop at \crc_result [2] in axi_crc_top
Warning: Detected loop at \crc_result [3] in axi_crc_top
Warning: Detected loop at \crc_result [4] in axi_crc_top
Warning: Detected loop at \crc_result [5] in axi_crc_top
Warning: Detected loop at \crc_result [6] in axi_crc_top
Warning: Detected loop at \crc_result [7] in axi_crc_top
Warning: Detected loop at \crc_result [8] in axi_crc_top
Warning: Detected loop at \crc_result [9] in axi_crc_top
Warning: Detected loop at \crc_result [10] in axi_crc_top
Warning: Detected loop at \crc_result [11] in axi_crc_top
Warning: Detected loop at \crc_result [12] in axi_crc_top
Warning: Detected loop at \crc_result [13] in axi_crc_top
Warning: Detected loop at \crc_result [14] in axi_crc_top
Warning: Detected loop at \crc_result [15] in axi_crc_top
Warning: Detected loop at \crc_result [16] in axi_crc_top
Warning: Detected loop at \crc_result [17] in axi_crc_top
Warning: Detected loop at \crc_result [18] in axi_crc_top
Warning: Detected loop at \crc_result [19] in axi_crc_top
Warning: Detected loop at \crc_result [20] in axi_crc_top
Warning: Detected loop at \crc_result [21] in axi_crc_top
Warning: Detected loop at \crc_result [22] in axi_crc_top
Warning: Detected loop at \crc_result [23] in axi_crc_top
Warning: Detected loop at \crc_result [24] in axi_crc_top
Warning: Detected loop at \crc_result [25] in axi_crc_top
Warning: Detected loop at \crc_result [26] in axi_crc_top
Warning: Detected loop at \crc_result [27] in axi_crc_top
Warning: Detected loop at \crc_result [28] in axi_crc_top
Warning: Detected loop at \crc_data [0] in axi_crc_top
Warning: Detected loop at \crc_data [1] in axi_crc_top
Warning: Detected loop at \crc_data [2] in axi_crc_top
Warning: Detected loop at \crc_data [3] in axi_crc_top
Warning: Detected loop at \crc_data [4] in axi_crc_top
Warning: Detected loop at \crc_data [5] in axi_crc_top
Warning: Detected loop at \crc_data [6] in axi_crc_top
Warning: Detected loop at \crc_data [7] in axi_crc_top
Warning: Detected loop at \crc_data [8] in axi_crc_top
Warning: Detected loop at \crc_data [9] in axi_crc_top
Warning: Detected loop at \crc_data [10] in axi_crc_top
Warning: Detected loop at \crc_data [11] in axi_crc_top
Warning: Detected loop at \crc_data [12] in axi_crc_top
Warning: Detected loop at \crc_data [13] in axi_crc_top
Warning: Detected loop at \crc_data [14] in axi_crc_top
Warning: Detected loop at \crc_data [15] in axi_crc_top
Warning: Detected loop at \crc_data [16] in axi_crc_top
Warning: Detected loop at \crc_data [17] in axi_crc_top
Warning: Detected loop at \crc_data [18] in axi_crc_top
Warning: Detected loop at \crc_data [19] in axi_crc_top
Warning: Detected loop at \crc_data [20] in axi_crc_top
Warning: Detected loop at \crc_data [21] in axi_crc_top
Warning: Detected loop at \crc_data [22] in axi_crc_top
Warning: Detected loop at \crc_data [23] in axi_crc_top
Warning: Detected loop at \crc_data [24] in axi_crc_top
Warning: Detected loop at \crc_data [25] in axi_crc_top
Warning: Detected loop at \crc_data [26] in axi_crc_top
Warning: Detected loop at \crc_data [27] in axi_crc_top
Warning: Detected loop at \crc_data [28] in axi_crc_top
Warning: Detected loop at \crc_data [29] in axi_crc_top
Warning: Detected loop at \crc_result [0] in axi_crc_top
Warning: Detected loop at \crc_result [1] in axi_crc_top
Warning: Detected loop at \crc_result [2] in axi_crc_top
Warning: Detected loop at \crc_result [3] in axi_crc_top
Warning: Detected loop at \crc_result [4] in axi_crc_top
Warning: Detected loop at \crc_result [5] in axi_crc_top
Warning: Detected loop at \crc_result [6] in axi_crc_top
Warning: Detected loop at \crc_result [7] in axi_crc_top
Warning: Detected loop at \crc_result [8] in axi_crc_top
Warning: Detected loop at \crc_result [9] in axi_crc_top
Warning: Detected loop at \crc_result [10] in axi_crc_top
Warning: Detected loop at \crc_result [11] in axi_crc_top
Warning: Detected loop at \crc_result [12] in axi_crc_top
Warning: Detected loop at \crc_result [13] in axi_crc_top
Warning: Detected loop at \crc_result [14] in axi_crc_top
Warning: Detected loop at \crc_result [15] in axi_crc_top
Warning: Detected loop at \crc_result [16] in axi_crc_top
Warning: Detected loop at \crc_result [17] in axi_crc_top
Warning: Detected loop at \crc_result [18] in axi_crc_top
Warning: Detected loop at \crc_result [19] in axi_crc_top
Warning: Detected loop at \crc_result [20] in axi_crc_top
Warning: Detected loop at \crc_result [21] in axi_crc_top
Warning: Detected loop at \crc_result [22] in axi_crc_top
Warning: Detected loop at \crc_result [23] in axi_crc_top
Warning: Detected loop at \crc_result [24] in axi_crc_top
Warning: Detected loop at \crc_result [25] in axi_crc_top
Warning: Detected loop at \crc_result [26] in axi_crc_top
Warning: Detected loop at \crc_result [27] in axi_crc_top
Warning: Detected loop at \crc_result [28] in axi_crc_top
Warning: Detected loop at \crc_result [29] in axi_crc_top
Warning: Detected loop at \crc_data [0] in axi_crc_top
Warning: Detected loop at \crc_data [1] in axi_crc_top
Warning: Detected loop at \crc_data [2] in axi_crc_top
Warning: Detected loop at \crc_data [3] in axi_crc_top
Warning: Detected loop at \crc_data [4] in axi_crc_top
Warning: Detected loop at \crc_data [5] in axi_crc_top
Warning: Detected loop at \crc_data [6] in axi_crc_top
Warning: Detected loop at \crc_data [7] in axi_crc_top
Warning: Detected loop at \crc_data [8] in axi_crc_top
Warning: Detected loop at \crc_data [9] in axi_crc_top
Warning: Detected loop at \crc_data [10] in axi_crc_top
Warning: Detected loop at \crc_data [11] in axi_crc_top
Warning: Detected loop at \crc_data [12] in axi_crc_top
Warning: Detected loop at \crc_data [13] in axi_crc_top
Warning: Detected loop at \crc_data [14] in axi_crc_top
Warning: Detected loop at \crc_data [15] in axi_crc_top
Warning: Detected loop at \crc_data [16] in axi_crc_top
Warning: Detected loop at \crc_data [17] in axi_crc_top
Warning: Detected loop at \crc_data [18] in axi_crc_top
Warning: Detected loop at \crc_data [19] in axi_crc_top
Warning: Detected loop at \crc_data [20] in axi_crc_top
Warning: Detected loop at \crc_data [21] in axi_crc_top
Warning: Detected loop at \crc_data [22] in axi_crc_top
Warning: Detected loop at \crc_data [23] in axi_crc_top
Warning: Detected loop at \crc_data [24] in axi_crc_top
Warning: Detected loop at \crc_data [25] in axi_crc_top
Warning: Detected loop at \crc_data [26] in axi_crc_top
Warning: Detected loop at \crc_data [27] in axi_crc_top
Warning: Detected loop at \crc_data [28] in axi_crc_top
Warning: Detected loop at \crc_data [29] in axi_crc_top
Warning: Detected loop at \crc_data [30] in axi_crc_top
Warning: Detected loop at \crc_result [0] in axi_crc_top
Warning: Detected loop at \crc_result [1] in axi_crc_top
Warning: Detected loop at \crc_result [2] in axi_crc_top
Warning: Detected loop at \crc_result [3] in axi_crc_top
Warning: Detected loop at \crc_result [4] in axi_crc_top
Warning: Detected loop at \crc_result [5] in axi_crc_top
Warning: Detected loop at \crc_result [6] in axi_crc_top
Warning: Detected loop at \crc_result [7] in axi_crc_top
Warning: Detected loop at \crc_result [8] in axi_crc_top
Warning: Detected loop at \crc_result [9] in axi_crc_top
Warning: Detected loop at \crc_result [10] in axi_crc_top
Warning: Detected loop at \crc_result [11] in axi_crc_top
Warning: Detected loop at \crc_result [12] in axi_crc_top
Warning: Detected loop at \crc_result [13] in axi_crc_top
Warning: Detected loop at \crc_result [14] in axi_crc_top
Warning: Detected loop at \crc_result [15] in axi_crc_top
Warning: Detected loop at \crc_result [16] in axi_crc_top
Warning: Detected loop at \crc_result [17] in axi_crc_top
Warning: Detected loop at \crc_result [18] in axi_crc_top
Warning: Detected loop at \crc_result [19] in axi_crc_top
Warning: Detected loop at \crc_result [20] in axi_crc_top
Warning: Detected loop at \crc_result [21] in axi_crc_top
Warning: Detected loop at \crc_result [22] in axi_crc_top
Warning: Detected loop at \crc_result [23] in axi_crc_top
Warning: Detected loop at \crc_result [24] in axi_crc_top
Warning: Detected loop at \crc_result [25] in axi_crc_top
Warning: Detected loop at \crc_result [26] in axi_crc_top
Warning: Detected loop at \crc_result [27] in axi_crc_top
Warning: Detected loop at \crc_result [28] in axi_crc_top
Warning: Detected loop at \crc_result [29] in axi_crc_top
Warning: Detected loop at \crc_result [30] in axi_crc_top
Warning: Detected loop at \crc_data [0] in axi_crc_top
Warning: Detected loop at \crc_data [1] in axi_crc_top
Warning: Detected loop at \crc_data [2] in axi_crc_top
Warning: Detected loop at \crc_data [3] in axi_crc_top
Warning: Detected loop at \crc_data [4] in axi_crc_top
Warning: Detected loop at \crc_data [5] in axi_crc_top
Warning: Detected loop at \crc_data [6] in axi_crc_top
Warning: Detected loop at \crc_data [7] in axi_crc_top
Warning: Detected loop at \crc_data [8] in axi_crc_top
Warning: Detected loop at \crc_data [9] in axi_crc_top
Warning: Detected loop at \crc_data [10] in axi_crc_top
Warning: Detected loop at \crc_data [11] in axi_crc_top
Warning: Detected loop at \crc_data [12] in axi_crc_top
Warning: Detected loop at \crc_data [13] in axi_crc_top
Warning: Detected loop at \crc_data [14] in axi_crc_top
Warning: Detected loop at \crc_data [15] in axi_crc_top
Warning: Detected loop at \crc_data [16] in axi_crc_top
Warning: Detected loop at \crc_data [17] in axi_crc_top
Warning: Detected loop at \crc_data [18] in axi_crc_top
Warning: Detected loop at \crc_data [19] in axi_crc_top
Warning: Detected loop at \crc_data [20] in axi_crc_top
Warning: Detected loop at \crc_data [21] in axi_crc_top
Warning: Detected loop at \crc_data [22] in axi_crc_top
Warning: Detected loop at \crc_data [23] in axi_crc_top
Warning: Detected loop at \crc_data [24] in axi_crc_top
Warning: Detected loop at \crc_data [25] in axi_crc_top
Warning: Detected loop at \crc_data [26] in axi_crc_top
Warning: Detected loop at \crc_data [27] in axi_crc_top
Warning: Detected loop at \crc_data [28] in axi_crc_top
Warning: Detected loop at \crc_data [29] in axi_crc_top
Warning: Detected loop at \crc_data [30] in axi_crc_top
Warning: Detected loop at \crc_data [31] in axi_crc_top
Warning: Detected loop at \crc_result [0] in axi_crc_top
Warning: Detected loop at \crc_result [1] in axi_crc_top
Warning: Detected loop at \crc_result [2] in axi_crc_top
Warning: Detected loop at \crc_result [3] in axi_crc_top
Warning: Detected loop at \crc_result [4] in axi_crc_top
Warning: Detected loop at \crc_result [5] in axi_crc_top
Warning: Detected loop at \crc_result [6] in axi_crc_top
Warning: Detected loop at \crc_result [7] in axi_crc_top
Warning: Detected loop at \crc_result [8] in axi_crc_top
Warning: Detected loop at \crc_result [9] in axi_crc_top
Warning: Detected loop at \crc_result [10] in axi_crc_top
Warning: Detected loop at \crc_result [11] in axi_crc_top
Warning: Detected loop at \crc_result [12] in axi_crc_top
Warning: Detected loop at \crc_result [13] in axi_crc_top
Warning: Detected loop at \crc_result [14] in axi_crc_top
Warning: Detected loop at \crc_result [15] in axi_crc_top
Warning: Detected loop at \crc_result [16] in axi_crc_top
Warning: Detected loop at \crc_result [17] in axi_crc_top
Warning: Detected loop at \crc_result [18] in axi_crc_top
Warning: Detected loop at \crc_result [19] in axi_crc_top
Warning: Detected loop at \crc_result [20] in axi_crc_top
Warning: Detected loop at \crc_result [21] in axi_crc_top
Warning: Detected loop at \crc_result [22] in axi_crc_top
Warning: Detected loop at \crc_result [23] in axi_crc_top
Warning: Detected loop at \crc_result [24] in axi_crc_top
Warning: Detected loop at \crc_result [25] in axi_crc_top
Warning: Detected loop at \crc_result [26] in axi_crc_top
Warning: Detected loop at \crc_result [27] in axi_crc_top
Warning: Detected loop at \crc_result [28] in axi_crc_top
Warning: Detected loop at \crc_result [29] in axi_crc_top
Warning: Detected loop at \crc_result [30] in axi_crc_top
Warning: Detected loop at \crc_result [31] in axi_crc_top
Warning: Detected loop at \crc_result [0] in axi_crc_top
Warning: Detected loop at \crc_result [1] in axi_crc_top
Warning: Detected loop at \crc_result [2] in axi_crc_top
Warning: Detected loop at \crc_result [3] in axi_crc_top
Warning: Detected loop at \crc_result [4] in axi_crc_top
Warning: Detected loop at \crc_result [5] in axi_crc_top
Warning: Detected loop at \crc_result [6] in axi_crc_top
Warning: Detected loop at \crc_result [7] in axi_crc_top
Warning: Detected loop at \crc_result [8] in axi_crc_top
Warning: Detected loop at \crc_result [9] in axi_crc_top
Warning: Detected loop at \crc_result [10] in axi_crc_top
Warning: Detected loop at \crc_result [11] in axi_crc_top
Warning: Detected loop at \crc_result [12] in axi_crc_top
Warning: Detected loop at \crc_result [13] in axi_crc_top
Warning: Detected loop at \crc_result [14] in axi_crc_top
Warning: Detected loop at \crc_result [15] in axi_crc_top
Warning: Detected loop at \crc_result [16] in axi_crc_top
Warning: Detected loop at \crc_result [17] in axi_crc_top
Warning: Detected loop at \crc_result [18] in axi_crc_top
Warning: Detected loop at \crc_result [19] in axi_crc_top
Warning: Detected loop at \crc_result [20] in axi_crc_top
Warning: Detected loop at \crc_result [21] in axi_crc_top
Warning: Detected loop at \crc_result [22] in axi_crc_top
Warning: Detected loop at \crc_result [23] in axi_crc_top
Warning: Detected loop at \crc_result [24] in axi_crc_top
Warning: Detected loop at \crc_result [25] in axi_crc_top
Warning: Detected loop at \crc_result [26] in axi_crc_top
Warning: Detected loop at \crc_result [27] in axi_crc_top
Warning: Detected loop at \crc_result [28] in axi_crc_top
Warning: Detected loop at \crc_result [29] in axi_crc_top
Warning: Detected loop at \crc_result [30] in axi_crc_top
Warning: Detected loop at \crc_result [31] in axi_crc_top
Warning: Detected loop at \crc_result [0] in axi_crc_top
Warning: Detected loop at \crc_result [1] in axi_crc_top
Warning: Detected loop at \crc_result [2] in axi_crc_top
Warning: Detected loop at \crc_result [3] in axi_crc_top
Warning: Detected loop at \crc_result [4] in axi_crc_top
Warning: Detected loop at \crc_result [5] in axi_crc_top
Warning: Detected loop at \crc_result [6] in axi_crc_top
Warning: Detected loop at \crc_result [7] in axi_crc_top
Warning: Detected loop at \crc_result [8] in axi_crc_top
Warning: Detected loop at \crc_result [9] in axi_crc_top
Warning: Detected loop at \crc_result [10] in axi_crc_top
Warning: Detected loop at \crc_result [11] in axi_crc_top
Warning: Detected loop at \crc_result [12] in axi_crc_top
Warning: Detected loop at \crc_result [13] in axi_crc_top
Warning: Detected loop at \crc_result [14] in axi_crc_top
Warning: Detected loop at \crc_result [15] in axi_crc_top
Warning: Detected loop at \crc_result [16] in axi_crc_top
Warning: Detected loop at \crc_result [17] in axi_crc_top
Warning: Detected loop at \crc_result [18] in axi_crc_top
Warning: Detected loop at \crc_result [19] in axi_crc_top
Warning: Detected loop at \crc_result [20] in axi_crc_top
Warning: Detected loop at \crc_result [21] in axi_crc_top
Warning: Detected loop at \crc_result [22] in axi_crc_top
Warning: Detected loop at \crc_result [23] in axi_crc_top
Warning: Detected loop at \crc_result [24] in axi_crc_top
Warning: Detected loop at \crc_result [25] in axi_crc_top
Warning: Detected loop at \crc_result [26] in axi_crc_top
Warning: Detected loop at \crc_result [27] in axi_crc_top
Warning: Detected loop at \crc_result [28] in axi_crc_top
Warning: Detected loop at \crc_result [29] in axi_crc_top
Warning: Detected loop at \crc_result [30] in axi_crc_top
Warning: Detected loop at \crc_result [31] in axi_crc_top
Warning: Detected loop at \crc_result [0] in axi_crc_top
Warning: Detected loop at \crc_result [1] in axi_crc_top
Warning: Detected loop at \crc_result [2] in axi_crc_top
Warning: Detected loop at \crc_result [3] in axi_crc_top
Warning: Detected loop at \crc_result [4] in axi_crc_top
Warning: Detected loop at \crc_result [5] in axi_crc_top
Warning: Detected loop at \crc_result [6] in axi_crc_top
Warning: Detected loop at \crc_result [7] in axi_crc_top
Warning: Detected loop at \crc_result [8] in axi_crc_top
Warning: Detected loop at \crc_result [9] in axi_crc_top
Warning: Detected loop at \crc_result [10] in axi_crc_top
Warning: Detected loop at \crc_result [11] in axi_crc_top
Warning: Detected loop at \crc_result [12] in axi_crc_top
Warning: Detected loop at \crc_result [13] in axi_crc_top
Warning: Detected loop at \crc_result [14] in axi_crc_top
Warning: Detected loop at \crc_result [15] in axi_crc_top
Warning: Detected loop at \crc_result [16] in axi_crc_top
Warning: Detected loop at \crc_result [17] in axi_crc_top
Warning: Detected loop at \crc_result [18] in axi_crc_top
Warning: Detected loop at \crc_result [19] in axi_crc_top
Warning: Detected loop at \crc_result [20] in axi_crc_top
Warning: Detected loop at \crc_result [21] in axi_crc_top
Warning: Detected loop at \crc_result [22] in axi_crc_top
Warning: Detected loop at \crc_result [23] in axi_crc_top
Warning: Detected loop at \crc_result [24] in axi_crc_top
Warning: Detected loop at \crc_result [25] in axi_crc_top
Warning: Detected loop at \crc_result [26] in axi_crc_top
Warning: Detected loop at \crc_result [27] in axi_crc_top
Warning: Detected loop at \crc_result [28] in axi_crc_top
Warning: Detected loop at \crc_result [29] in axi_crc_top
Warning: Detected loop at \crc_result [30] in axi_crc_top
Warning: Detected loop at \crc_result [31] in axi_crc_top
Warning: Detected loop at \crc_result [0] in axi_crc_top
Warning: Detected loop at \crc_result [1] in axi_crc_top
Warning: Detected loop at \crc_result [2] in axi_crc_top
Warning: Detected loop at \crc_result [3] in axi_crc_top
Warning: Detected loop at \crc_result [4] in axi_crc_top
Warning: Detected loop at \crc_result [5] in axi_crc_top
Warning: Detected loop at \crc_result [6] in axi_crc_top
Warning: Detected loop at \crc_result [7] in axi_crc_top
Warning: Detected loop at \crc_result [8] in axi_crc_top
Warning: Detected loop at \crc_result [9] in axi_crc_top
Warning: Detected loop at \crc_result [10] in axi_crc_top
Warning: Detected loop at \crc_result [11] in axi_crc_top
Warning: Detected loop at \crc_result [12] in axi_crc_top
Warning: Detected loop at \crc_result [13] in axi_crc_top
Warning: Detected loop at \crc_result [14] in axi_crc_top
Warning: Detected loop at \crc_result [15] in axi_crc_top
Warning: Detected loop at \crc_result [16] in axi_crc_top
Warning: Detected loop at \crc_result [17] in axi_crc_top
Warning: Detected loop at \crc_result [18] in axi_crc_top
Warning: Detected loop at \crc_result [19] in axi_crc_top
Warning: Detected loop at \crc_result [20] in axi_crc_top
Warning: Detected loop at \crc_result [21] in axi_crc_top
Warning: Detected loop at \crc_result [22] in axi_crc_top
Warning: Detected loop at \crc_result [23] in axi_crc_top
Warning: Detected loop at \crc_result [24] in axi_crc_top
Warning: Detected loop at \crc_result [25] in axi_crc_top
Warning: Detected loop at \crc_result [26] in axi_crc_top
Warning: Detected loop at \crc_result [27] in axi_crc_top
Warning: Detected loop at \crc_result [28] in axi_crc_top
Warning: Detected loop at \crc_result [29] in axi_crc_top
Warning: Detected loop at \crc_result [30] in axi_crc_top
Warning: Detected loop at \crc_result [31] in axi_crc_top
Warning: Detected loop at \crc_result [0] in axi_crc_top
Warning: Detected loop at \crc_result [1] in axi_crc_top
Warning: Detected loop at \crc_result [2] in axi_crc_top
Warning: Detected loop at \crc_result [3] in axi_crc_top
Warning: Detected loop at \crc_result [4] in axi_crc_top
Warning: Detected loop at \crc_result [5] in axi_crc_top
Warning: Detected loop at \crc_result [6] in axi_crc_top
Warning: Detected loop at \crc_result [7] in axi_crc_top
Warning: Detected loop at \crc_result [8] in axi_crc_top
Warning: Detected loop at \crc_result [9] in axi_crc_top
Warning: Detected loop at \crc_result [10] in axi_crc_top
Warning: Detected loop at \crc_result [11] in axi_crc_top
Warning: Detected loop at \crc_result [12] in axi_crc_top
Warning: Detected loop at \crc_result [13] in axi_crc_top
Warning: Detected loop at \crc_result [14] in axi_crc_top
Warning: Detected loop at \crc_result [15] in axi_crc_top
Warning: Detected loop at \crc_result [16] in axi_crc_top
Warning: Detected loop at \crc_result [17] in axi_crc_top
Warning: Detected loop at \crc_result [18] in axi_crc_top
Warning: Detected loop at \crc_result [19] in axi_crc_top
Warning: Detected loop at \crc_result [20] in axi_crc_top
Warning: Detected loop at \crc_result [21] in axi_crc_top
Warning: Detected loop at \crc_result [22] in axi_crc_top
Warning: Detected loop at \crc_result [23] in axi_crc_top
Warning: Detected loop at \crc_result [24] in axi_crc_top
Warning: Detected loop at \crc_result [25] in axi_crc_top
Warning: Detected loop at \crc_result [26] in axi_crc_top
Warning: Detected loop at \crc_result [27] in axi_crc_top
Warning: Detected loop at \crc_result [28] in axi_crc_top
Warning: Detected loop at \crc_result [29] in axi_crc_top
Warning: Detected loop at \crc_result [30] in axi_crc_top
Warning: Detected loop at \crc_result [31] in axi_crc_top
Warning: Detected loop at \crc_result [0] in axi_crc_top
Warning: Detected loop at \crc_result [1] in axi_crc_top
Warning: Detected loop at \crc_result [2] in axi_crc_top
Warning: Detected loop at \crc_result [3] in axi_crc_top
Warning: Detected loop at \crc_result [4] in axi_crc_top
Warning: Detected loop at \crc_result [5] in axi_crc_top
Warning: Detected loop at \crc_result [6] in axi_crc_top
Warning: Detected loop at \crc_result [7] in axi_crc_top
Warning: Detected loop at \crc_result [8] in axi_crc_top
Warning: Detected loop at \crc_result [9] in axi_crc_top
Warning: Detected loop at \crc_result [10] in axi_crc_top
Warning: Detected loop at \crc_result [11] in axi_crc_top
Warning: Detected loop at \crc_result [12] in axi_crc_top
Warning: Detected loop at \crc_result [13] in axi_crc_top
Warning: Detected loop at \crc_result [14] in axi_crc_top
Warning: Detected loop at \crc_result [15] in axi_crc_top
Warning: Detected loop at \crc_result [16] in axi_crc_top
Warning: Detected loop at \crc_result [17] in axi_crc_top
Warning: Detected loop at \crc_result [18] in axi_crc_top
Warning: Detected loop at \crc_result [19] in axi_crc_top
Warning: Detected loop at \crc_result [20] in axi_crc_top
Warning: Detected loop at \crc_result [21] in axi_crc_top
Warning: Detected loop at \crc_result [22] in axi_crc_top
Warning: Detected loop at \crc_result [23] in axi_crc_top
Warning: Detected loop at \crc_result [24] in axi_crc_top
Warning: Detected loop at \crc_result [25] in axi_crc_top
Warning: Detected loop at \crc_result [26] in axi_crc_top
Warning: Detected loop at \crc_result [27] in axi_crc_top
Warning: Detected loop at \crc_result [28] in axi_crc_top
Warning: Detected loop at \crc_result [29] in axi_crc_top
Warning: Detected loop at \crc_result [30] in axi_crc_top
Warning: Detected loop at \crc_result [31] in axi_crc_top
Warning: Detected loop at \crc_result [0] in axi_crc_top
Warning: Detected loop at \crc_result [1] in axi_crc_top
Warning: Detected loop at \crc_result [2] in axi_crc_top
Warning: Detected loop at \crc_result [3] in axi_crc_top
Warning: Detected loop at \crc_result [4] in axi_crc_top
Warning: Detected loop at \crc_result [5] in axi_crc_top
Warning: Detected loop at \crc_result [6] in axi_crc_top
Warning: Detected loop at \crc_result [7] in axi_crc_top
Warning: Detected loop at \crc_result [8] in axi_crc_top
Warning: Detected loop at \crc_result [9] in axi_crc_top
Warning: Detected loop at \crc_result [10] in axi_crc_top
Warning: Detected loop at \crc_result [11] in axi_crc_top
Warning: Detected loop at \crc_result [12] in axi_crc_top
Warning: Detected loop at \crc_result [13] in axi_crc_top
Warning: Detected loop at \crc_result [14] in axi_crc_top
Warning: Detected loop at \crc_result [15] in axi_crc_top
Warning: Detected loop at \crc_result [16] in axi_crc_top
Warning: Detected loop at \crc_result [17] in axi_crc_top
Warning: Detected loop at \crc_result [18] in axi_crc_top
Warning: Detected loop at \crc_result [19] in axi_crc_top
Warning: Detected loop at \crc_result [20] in axi_crc_top
Warning: Detected loop at \crc_result [21] in axi_crc_top
Warning: Detected loop at \crc_result [22] in axi_crc_top
Warning: Detected loop at \crc_result [23] in axi_crc_top
Warning: Detected loop at \crc_result [24] in axi_crc_top
Warning: Detected loop at \crc_result [25] in axi_crc_top
Warning: Detected loop at \crc_result [26] in axi_crc_top
Warning: Detected loop at \crc_result [27] in axi_crc_top
Warning: Detected loop at \crc_result [28] in axi_crc_top
Warning: Detected loop at \crc_result [29] in axi_crc_top
Warning: Detected loop at \crc_result [30] in axi_crc_top
Warning: Detected loop at \crc_result [31] in axi_crc_top
Warning: Detected loop at \crc_result [0] in axi_crc_top
Warning: Detected loop at \crc_result [1] in axi_crc_top
Warning: Detected loop at \crc_result [2] in axi_crc_top
Warning: Detected loop at \crc_result [3] in axi_crc_top
Warning: Detected loop at \crc_result [4] in axi_crc_top
Warning: Detected loop at \crc_result [5] in axi_crc_top
Warning: Detected loop at \crc_result [6] in axi_crc_top
Warning: Detected loop at \crc_result [7] in axi_crc_top
Warning: Detected loop at \crc_result [8] in axi_crc_top
Warning: Detected loop at \crc_result [9] in axi_crc_top
Warning: Detected loop at \crc_result [10] in axi_crc_top
Warning: Detected loop at \crc_result [11] in axi_crc_top
Warning: Detected loop at \crc_result [12] in axi_crc_top
Warning: Detected loop at \crc_result [13] in axi_crc_top
Warning: Detected loop at \crc_result [14] in axi_crc_top
Warning: Detected loop at \crc_result [15] in axi_crc_top
Warning: Detected loop at \crc_result [16] in axi_crc_top
Warning: Detected loop at \crc_result [17] in axi_crc_top
Warning: Detected loop at \crc_result [18] in axi_crc_top
Warning: Detected loop at \crc_result [19] in axi_crc_top
Warning: Detected loop at \crc_result [20] in axi_crc_top
Warning: Detected loop at \crc_result [21] in axi_crc_top
Warning: Detected loop at \crc_result [22] in axi_crc_top
Warning: Detected loop at \crc_result [23] in axi_crc_top
Warning: Detected loop at \crc_result [24] in axi_crc_top
Warning: Detected loop at \crc_result [25] in axi_crc_top
Warning: Detected loop at \crc_result [26] in axi_crc_top
Warning: Detected loop at \crc_result [27] in axi_crc_top
Warning: Detected loop at \crc_result [28] in axi_crc_top
Warning: Detected loop at \crc_result [29] in axi_crc_top
Warning: Detected loop at \crc_result [30] in axi_crc_top
Warning: Detected loop at \crc_result [31] in axi_crc_top
Warning: Detected loop at \crc_result [0] in axi_crc_top
Warning: Detected loop at \crc_result [1] in axi_crc_top
Warning: Detected loop at \crc_result [2] in axi_crc_top
Warning: Detected loop at \crc_result [3] in axi_crc_top
Warning: Detected loop at \crc_result [4] in axi_crc_top
Warning: Detected loop at \crc_result [5] in axi_crc_top
Warning: Detected loop at \crc_result [6] in axi_crc_top
Warning: Detected loop at \crc_result [7] in axi_crc_top
Warning: Detected loop at \crc_result [8] in axi_crc_top
Warning: Detected loop at \crc_result [9] in axi_crc_top
Warning: Detected loop at \crc_result [10] in axi_crc_top
Warning: Detected loop at \crc_result [11] in axi_crc_top
Warning: Detected loop at \crc_result [12] in axi_crc_top
Warning: Detected loop at \crc_result [13] in axi_crc_top
Warning: Detected loop at \crc_result [14] in axi_crc_top
Warning: Detected loop at \crc_result [15] in axi_crc_top
Warning: Detected loop at \crc_result [16] in axi_crc_top
Warning: Detected loop at \crc_result [17] in axi_crc_top
Warning: Detected loop at \crc_result [18] in axi_crc_top
Warning: Detected loop at \crc_result [19] in axi_crc_top
Warning: Detected loop at \crc_result [20] in axi_crc_top
Warning: Detected loop at \crc_result [21] in axi_crc_top
Warning: Detected loop at \crc_result [22] in axi_crc_top
Warning: Detected loop at \crc_result [23] in axi_crc_top
Warning: Detected loop at \crc_result [24] in axi_crc_top
Warning: Detected loop at \crc_result [25] in axi_crc_top
Warning: Detected loop at \crc_result [26] in axi_crc_top
Warning: Detected loop at \crc_result [27] in axi_crc_top
Warning: Detected loop at \crc_result [28] in axi_crc_top
Warning: Detected loop at \crc_result [29] in axi_crc_top
Warning: Detected loop at \crc_result [30] in axi_crc_top
Warning: Detected loop at \crc_result [31] in axi_crc_top
Warning: Detected loop at \crc_result [0] in axi_crc_top
Warning: Detected loop at \crc_result [1] in axi_crc_top
Warning: Detected loop at \crc_result [2] in axi_crc_top
Warning: Detected loop at \crc_result [3] in axi_crc_top
Warning: Detected loop at \crc_result [4] in axi_crc_top
Warning: Detected loop at \crc_result [5] in axi_crc_top
Warning: Detected loop at \crc_result [6] in axi_crc_top
Warning: Detected loop at \crc_result [7] in axi_crc_top
Warning: Detected loop at \crc_result [8] in axi_crc_top
Warning: Detected loop at \crc_result [9] in axi_crc_top
Warning: Detected loop at \crc_result [10] in axi_crc_top
Warning: Detected loop at \crc_result [11] in axi_crc_top
Warning: Detected loop at \crc_result [12] in axi_crc_top
Warning: Detected loop at \crc_result [13] in axi_crc_top
Warning: Detected loop at \crc_result [14] in axi_crc_top
Warning: Detected loop at \crc_result [15] in axi_crc_top
Warning: Detected loop at \crc_result [16] in axi_crc_top
Warning: Detected loop at \crc_result [17] in axi_crc_top
Warning: Detected loop at \crc_result [18] in axi_crc_top
Warning: Detected loop at \crc_result [19] in axi_crc_top
Warning: Detected loop at \crc_result [20] in axi_crc_top
Warning: Detected loop at \crc_result [21] in axi_crc_top
Warning: Detected loop at \crc_result [22] in axi_crc_top
Warning: Detected loop at \crc_result [23] in axi_crc_top
Warning: Detected loop at \crc_result [24] in axi_crc_top
Warning: Detected loop at \crc_result [25] in axi_crc_top
Warning: Detected loop at \crc_result [26] in axi_crc_top
Warning: Detected loop at \crc_result [27] in axi_crc_top
Warning: Detected loop at \crc_result [28] in axi_crc_top
Warning: Detected loop at \crc_result [29] in axi_crc_top
Warning: Detected loop at \crc_result [30] in axi_crc_top
Warning: Detected loop at \crc_result [31] in axi_crc_top
Warning: Detected loop at \crc_result [0] in axi_crc_top
Warning: Detected loop at \crc_result [1] in axi_crc_top
Warning: Detected loop at \crc_result [2] in axi_crc_top
Warning: Detected loop at \crc_result [3] in axi_crc_top
Warning: Detected loop at \crc_result [4] in axi_crc_top
Warning: Detected loop at \crc_result [5] in axi_crc_top
Warning: Detected loop at \crc_result [6] in axi_crc_top
Warning: Detected loop at \crc_result [7] in axi_crc_top
Warning: Detected loop at \crc_result [8] in axi_crc_top
Warning: Detected loop at \crc_result [9] in axi_crc_top
Warning: Detected loop at \crc_result [10] in axi_crc_top
Warning: Detected loop at \crc_result [11] in axi_crc_top
Warning: Detected loop at \crc_result [12] in axi_crc_top
Warning: Detected loop at \crc_result [13] in axi_crc_top
Warning: Detected loop at \crc_result [14] in axi_crc_top
Warning: Detected loop at \crc_result [15] in axi_crc_top
Warning: Detected loop at \crc_result [16] in axi_crc_top
Warning: Detected loop at \crc_result [17] in axi_crc_top
Warning: Detected loop at \crc_result [18] in axi_crc_top
Warning: Detected loop at \crc_result [19] in axi_crc_top
Warning: Detected loop at \crc_result [20] in axi_crc_top
Warning: Detected loop at \crc_result [21] in axi_crc_top
Warning: Detected loop at \crc_result [22] in axi_crc_top
Warning: Detected loop at \crc_result [23] in axi_crc_top
Warning: Detected loop at \crc_result [24] in axi_crc_top
Warning: Detected loop at \crc_result [25] in axi_crc_top
Warning: Detected loop at \crc_result [26] in axi_crc_top
Warning: Detected loop at \crc_result [27] in axi_crc_top
Warning: Detected loop at \crc_result [28] in axi_crc_top
Warning: Detected loop at \crc_result [29] in axi_crc_top
Warning: Detected loop at \crc_result [30] in axi_crc_top
Warning: Detected loop at \crc_result [31] in axi_crc_top
Warning: Detected loop at \crc_result [0] in axi_crc_top
Warning: Detected loop at \crc_result [1] in axi_crc_top
Warning: Detected loop at \crc_result [2] in axi_crc_top
Warning: Detected loop at \crc_result [3] in axi_crc_top
Warning: Detected loop at \crc_result [4] in axi_crc_top
Warning: Detected loop at \crc_result [5] in axi_crc_top
Warning: Detected loop at \crc_result [6] in axi_crc_top
Warning: Detected loop at \crc_result [7] in axi_crc_top
Warning: Detected loop at \crc_result [8] in axi_crc_top
Warning: Detected loop at \crc_result [9] in axi_crc_top
Warning: Detected loop at \crc_result [10] in axi_crc_top
Warning: Detected loop at \crc_result [11] in axi_crc_top
Warning: Detected loop at \crc_result [12] in axi_crc_top
Warning: Detected loop at \crc_result [13] in axi_crc_top
Warning: Detected loop at \crc_result [14] in axi_crc_top
Warning: Detected loop at \crc_result [15] in axi_crc_top
Warning: Detected loop at \crc_result [16] in axi_crc_top
Warning: Detected loop at \crc_result [17] in axi_crc_top
Warning: Detected loop at \crc_result [18] in axi_crc_top
Warning: Detected loop at \crc_result [19] in axi_crc_top
Warning: Detected loop at \crc_result [20] in axi_crc_top
Warning: Detected loop at \crc_result [21] in axi_crc_top
Warning: Detected loop at \crc_result [22] in axi_crc_top
Warning: Detected loop at \crc_result [23] in axi_crc_top
Warning: Detected loop at \crc_result [24] in axi_crc_top
Warning: Detected loop at \crc_result [25] in axi_crc_top
Warning: Detected loop at \crc_result [26] in axi_crc_top
Warning: Detected loop at \crc_result [27] in axi_crc_top
Warning: Detected loop at \crc_result [28] in axi_crc_top
Warning: Detected loop at \crc_result [29] in axi_crc_top
Warning: Detected loop at \crc_result [30] in axi_crc_top
Warning: Detected loop at \crc_result [31] in axi_crc_top
Warning: Detected loop at \crc_result [0] in axi_crc_top
Warning: Detected loop at \crc_result [1] in axi_crc_top
Warning: Detected loop at \crc_result [2] in axi_crc_top
Warning: Detected loop at \crc_result [3] in axi_crc_top
Warning: Detected loop at \crc_result [4] in axi_crc_top
Warning: Detected loop at \crc_result [5] in axi_crc_top
Warning: Detected loop at \crc_result [6] in axi_crc_top
Warning: Detected loop at \crc_result [7] in axi_crc_top
Warning: Detected loop at \crc_result [8] in axi_crc_top
Warning: Detected loop at \crc_result [9] in axi_crc_top
Warning: Detected loop at \crc_result [10] in axi_crc_top
Warning: Detected loop at \crc_result [11] in axi_crc_top
Warning: Detected loop at \crc_result [12] in axi_crc_top
Warning: Detected loop at \crc_result [13] in axi_crc_top
Warning: Detected loop at \crc_result [14] in axi_crc_top
Warning: Detected loop at \crc_result [15] in axi_crc_top
Warning: Detected loop at \crc_result [16] in axi_crc_top
Warning: Detected loop at \crc_result [17] in axi_crc_top
Warning: Detected loop at \crc_result [18] in axi_crc_top
Warning: Detected loop at \crc_result [19] in axi_crc_top
Warning: Detected loop at \crc_result [20] in axi_crc_top
Warning: Detected loop at \crc_result [21] in axi_crc_top
Warning: Detected loop at \crc_result [22] in axi_crc_top
Warning: Detected loop at \crc_result [23] in axi_crc_top
Warning: Detected loop at \crc_result [24] in axi_crc_top
Warning: Detected loop at \crc_result [25] in axi_crc_top
Warning: Detected loop at \crc_result [26] in axi_crc_top
Warning: Detected loop at \crc_result [27] in axi_crc_top
Warning: Detected loop at \crc_result [28] in axi_crc_top
Warning: Detected loop at \crc_result [29] in axi_crc_top
Warning: Detected loop at \crc_result [30] in axi_crc_top
Warning: Detected loop at \crc_result [31] in axi_crc_top
Warning: Detected loop at \crc_result [0] in axi_crc_top
Warning: Detected loop at \crc_result [1] in axi_crc_top
Warning: Detected loop at \crc_result [2] in axi_crc_top
Warning: Detected loop at \crc_result [3] in axi_crc_top
Warning: Detected loop at \crc_result [4] in axi_crc_top
Warning: Detected loop at \crc_result [5] in axi_crc_top
Warning: Detected loop at \crc_result [6] in axi_crc_top
Warning: Detected loop at \crc_result [7] in axi_crc_top
Warning: Detected loop at \crc_result [8] in axi_crc_top
Warning: Detected loop at \crc_result [9] in axi_crc_top
Warning: Detected loop at \crc_result [10] in axi_crc_top
Warning: Detected loop at \crc_result [11] in axi_crc_top
Warning: Detected loop at \crc_result [12] in axi_crc_top
Warning: Detected loop at \crc_result [13] in axi_crc_top
Warning: Detected loop at \crc_result [14] in axi_crc_top
Warning: Detected loop at \crc_result [15] in axi_crc_top
Warning: Detected loop at \crc_result [16] in axi_crc_top
Warning: Detected loop at \crc_result [17] in axi_crc_top
Warning: Detected loop at \crc_result [18] in axi_crc_top
Warning: Detected loop at \crc_result [19] in axi_crc_top
Warning: Detected loop at \crc_result [20] in axi_crc_top
Warning: Detected loop at \crc_result [21] in axi_crc_top
Warning: Detected loop at \crc_result [22] in axi_crc_top
Warning: Detected loop at \crc_result [23] in axi_crc_top
Warning: Detected loop at \crc_result [24] in axi_crc_top
Warning: Detected loop at \crc_result [25] in axi_crc_top
Warning: Detected loop at \crc_result [26] in axi_crc_top
Warning: Detected loop at \crc_result [27] in axi_crc_top
Warning: Detected loop at \crc_result [28] in axi_crc_top
Warning: Detected loop at \crc_result [29] in axi_crc_top
Warning: Detected loop at \crc_result [30] in axi_crc_top
Warning: Detected loop at \crc_result [31] in axi_crc_top
Warning: Detected loop at \crc_result [0] in axi_crc_top
Warning: Detected loop at \crc_result [1] in axi_crc_top
Warning: Detected loop at \crc_result [2] in axi_crc_top
Warning: Detected loop at \crc_result [3] in axi_crc_top
Warning: Detected loop at \crc_result [4] in axi_crc_top
Warning: Detected loop at \crc_result [5] in axi_crc_top
Warning: Detected loop at \crc_result [6] in axi_crc_top
Warning: Detected loop at \crc_result [7] in axi_crc_top
Warning: Detected loop at \crc_result [8] in axi_crc_top
Warning: Detected loop at \crc_result [9] in axi_crc_top
Warning: Detected loop at \crc_result [10] in axi_crc_top
Warning: Detected loop at \crc_result [11] in axi_crc_top
Warning: Detected loop at \crc_result [12] in axi_crc_top
Warning: Detected loop at \crc_result [13] in axi_crc_top
Warning: Detected loop at \crc_result [14] in axi_crc_top
Warning: Detected loop at \crc_result [15] in axi_crc_top
Warning: Detected loop at \crc_result [16] in axi_crc_top
Warning: Detected loop at \crc_result [17] in axi_crc_top
Warning: Detected loop at \crc_result [18] in axi_crc_top
Warning: Detected loop at \crc_result [19] in axi_crc_top
Warning: Detected loop at \crc_result [20] in axi_crc_top
Warning: Detected loop at \crc_result [21] in axi_crc_top
Warning: Detected loop at \crc_result [22] in axi_crc_top
Warning: Detected loop at \crc_result [23] in axi_crc_top
Warning: Detected loop at \crc_result [24] in axi_crc_top
Warning: Detected loop at \crc_result [25] in axi_crc_top
Warning: Detected loop at \crc_result [26] in axi_crc_top
Warning: Detected loop at \crc_result [27] in axi_crc_top
Warning: Detected loop at \crc_result [28] in axi_crc_top
Warning: Detected loop at \crc_result [29] in axi_crc_top
Warning: Detected loop at \crc_result [30] in axi_crc_top
Warning: Detected loop at \crc_result [31] in axi_crc_top
Warning: Detected loop at \crc_result [0] in axi_crc_top
Warning: Detected loop at \crc_result [1] in axi_crc_top
Warning: Detected loop at \crc_result [2] in axi_crc_top
Warning: Detected loop at \crc_result [3] in axi_crc_top
Warning: Detected loop at \crc_result [4] in axi_crc_top
Warning: Detected loop at \crc_result [5] in axi_crc_top
Warning: Detected loop at \crc_result [6] in axi_crc_top
Warning: Detected loop at \crc_result [7] in axi_crc_top
Warning: Detected loop at \crc_result [8] in axi_crc_top
Warning: Detected loop at \crc_result [9] in axi_crc_top
Warning: Detected loop at \crc_result [10] in axi_crc_top
Warning: Detected loop at \crc_result [11] in axi_crc_top
Warning: Detected loop at \crc_result [12] in axi_crc_top
Warning: Detected loop at \crc_result [13] in axi_crc_top
Warning: Detected loop at \crc_result [14] in axi_crc_top
Warning: Detected loop at \crc_result [15] in axi_crc_top
Warning: Detected loop at \crc_result [16] in axi_crc_top
Warning: Detected loop at \crc_result [17] in axi_crc_top
Warning: Detected loop at \crc_result [18] in axi_crc_top
Warning: Detected loop at \crc_result [19] in axi_crc_top
Warning: Detected loop at \crc_result [20] in axi_crc_top
Warning: Detected loop at \crc_result [21] in axi_crc_top
Warning: Detected loop at \crc_result [22] in axi_crc_top
Warning: Detected loop at \crc_result [23] in axi_crc_top
Warning: Detected loop at \crc_result [24] in axi_crc_top
Warning: Detected loop at \crc_result [25] in axi_crc_top
Warning: Detected loop at \crc_result [26] in axi_crc_top
Warning: Detected loop at \crc_result [27] in axi_crc_top
Warning: Detected loop at \crc_result [28] in axi_crc_top
Warning: Detected loop at \crc_result [29] in axi_crc_top
Warning: Detected loop at \crc_result [30] in axi_crc_top
Warning: Detected loop at \crc_result [31] in axi_crc_top
Warning: Detected loop at \crc_result [0] in axi_crc_top
Warning: Detected loop at \crc_result [1] in axi_crc_top
Warning: Detected loop at \crc_result [2] in axi_crc_top
Warning: Detected loop at \crc_result [3] in axi_crc_top
Warning: Detected loop at \crc_result [4] in axi_crc_top
Warning: Detected loop at \crc_result [5] in axi_crc_top
Warning: Detected loop at \crc_result [6] in axi_crc_top
Warning: Detected loop at \crc_result [7] in axi_crc_top
Warning: Detected loop at \crc_result [8] in axi_crc_top
Warning: Detected loop at \crc_result [9] in axi_crc_top
Warning: Detected loop at \crc_result [10] in axi_crc_top
Warning: Detected loop at \crc_result [11] in axi_crc_top
Warning: Detected loop at \crc_result [12] in axi_crc_top
Warning: Detected loop at \crc_result [13] in axi_crc_top
Warning: Detected loop at \crc_result [14] in axi_crc_top
Warning: Detected loop at \crc_result [15] in axi_crc_top
Warning: Detected loop at \crc_result [16] in axi_crc_top
Warning: Detected loop at \crc_result [17] in axi_crc_top
Warning: Detected loop at \crc_result [18] in axi_crc_top
Warning: Detected loop at \crc_result [19] in axi_crc_top
Warning: Detected loop at \crc_result [20] in axi_crc_top
Warning: Detected loop at \crc_result [21] in axi_crc_top
Warning: Detected loop at \crc_result [22] in axi_crc_top
Warning: Detected loop at \crc_result [23] in axi_crc_top
Warning: Detected loop at \crc_result [24] in axi_crc_top
Warning: Detected loop at \crc_result [25] in axi_crc_top
Warning: Detected loop at \crc_result [26] in axi_crc_top
Warning: Detected loop at \crc_result [27] in axi_crc_top
Warning: Detected loop at \crc_result [28] in axi_crc_top
Warning: Detected loop at \crc_result [29] in axi_crc_top
Warning: Detected loop at \crc_result [30] in axi_crc_top
Warning: Detected loop at \crc_result [31] in axi_crc_top
Warning: Detected loop at \crc_result [0] in axi_crc_top
Warning: Detected loop at \crc_result [1] in axi_crc_top
Warning: Detected loop at \crc_result [2] in axi_crc_top
Warning: Detected loop at \crc_result [3] in axi_crc_top
Warning: Detected loop at \crc_result [4] in axi_crc_top
Warning: Detected loop at \crc_result [5] in axi_crc_top
Warning: Detected loop at \crc_result [6] in axi_crc_top
Warning: Detected loop at \crc_result [7] in axi_crc_top
Warning: Detected loop at \crc_result [8] in axi_crc_top
Warning: Detected loop at \crc_result [9] in axi_crc_top
Warning: Detected loop at \crc_result [10] in axi_crc_top
Warning: Detected loop at \crc_result [11] in axi_crc_top
Warning: Detected loop at \crc_result [12] in axi_crc_top
Warning: Detected loop at \crc_result [13] in axi_crc_top
Warning: Detected loop at \crc_result [14] in axi_crc_top
Warning: Detected loop at \crc_result [15] in axi_crc_top
Warning: Detected loop at \crc_result [16] in axi_crc_top
Warning: Detected loop at \crc_result [17] in axi_crc_top
Warning: Detected loop at \crc_result [18] in axi_crc_top
Warning: Detected loop at \crc_result [19] in axi_crc_top
Warning: Detected loop at \crc_result [20] in axi_crc_top
Warning: Detected loop at \crc_result [21] in axi_crc_top
Warning: Detected loop at \crc_result [22] in axi_crc_top
Warning: Detected loop at \crc_result [23] in axi_crc_top
Warning: Detected loop at \crc_result [24] in axi_crc_top
Warning: Detected loop at \crc_result [25] in axi_crc_top
Warning: Detected loop at \crc_result [26] in axi_crc_top
Warning: Detected loop at \crc_result [27] in axi_crc_top
Warning: Detected loop at \crc_result [28] in axi_crc_top
Warning: Detected loop at \crc_result [29] in axi_crc_top
Warning: Detected loop at \crc_result [30] in axi_crc_top
Warning: Detected loop at \crc_result [31] in axi_crc_top
Warning: Detected loop at \crc_result [0] in axi_crc_top
Warning: Detected loop at \crc_result [1] in axi_crc_top
Warning: Detected loop at \crc_result [2] in axi_crc_top
Warning: Detected loop at \crc_result [3] in axi_crc_top
Warning: Detected loop at \crc_result [4] in axi_crc_top
Warning: Detected loop at \crc_result [5] in axi_crc_top
Warning: Detected loop at \crc_result [6] in axi_crc_top
Warning: Detected loop at \crc_result [7] in axi_crc_top
Warning: Detected loop at \crc_result [8] in axi_crc_top
Warning: Detected loop at \crc_result [9] in axi_crc_top
Warning: Detected loop at \crc_result [10] in axi_crc_top
Warning: Detected loop at \crc_result [11] in axi_crc_top
Warning: Detected loop at \crc_result [12] in axi_crc_top
Warning: Detected loop at \crc_result [13] in axi_crc_top
Warning: Detected loop at \crc_result [14] in axi_crc_top
Warning: Detected loop at \crc_result [15] in axi_crc_top
Warning: Detected loop at \crc_result [16] in axi_crc_top
Warning: Detected loop at \crc_result [17] in axi_crc_top
Warning: Detected loop at \crc_result [18] in axi_crc_top
Warning: Detected loop at \crc_result [19] in axi_crc_top
Warning: Detected loop at \crc_result [20] in axi_crc_top
Warning: Detected loop at \crc_result [21] in axi_crc_top
Warning: Detected loop at \crc_result [22] in axi_crc_top
Warning: Detected loop at \crc_result [23] in axi_crc_top
Warning: Detected loop at \crc_result [24] in axi_crc_top
Warning: Detected loop at \crc_result [25] in axi_crc_top
Warning: Detected loop at \crc_result [26] in axi_crc_top
Warning: Detected loop at \crc_result [27] in axi_crc_top
Warning: Detected loop at \crc_result [28] in axi_crc_top
Warning: Detected loop at \crc_result [29] in axi_crc_top
Warning: Detected loop at \crc_result [30] in axi_crc_top
Warning: Detected loop at \crc_result [31] in axi_crc_top
Warning: Detected loop at \crc_result [0] in axi_crc_top
Warning: Detected loop at \crc_result [1] in axi_crc_top
Warning: Detected loop at \crc_result [2] in axi_crc_top
Warning: Detected loop at \crc_result [3] in axi_crc_top
Warning: Detected loop at \crc_result [4] in axi_crc_top
Warning: Detected loop at \crc_result [5] in axi_crc_top
Warning: Detected loop at \crc_result [6] in axi_crc_top
Warning: Detected loop at \crc_result [7] in axi_crc_top
Warning: Detected loop at \crc_result [8] in axi_crc_top
Warning: Detected loop at \crc_result [9] in axi_crc_top
Warning: Detected loop at \crc_result [10] in axi_crc_top
Warning: Detected loop at \crc_result [11] in axi_crc_top
Warning: Detected loop at \crc_result [12] in axi_crc_top
Warning: Detected loop at \crc_result [13] in axi_crc_top
Warning: Detected loop at \crc_result [14] in axi_crc_top
Warning: Detected loop at \crc_result [15] in axi_crc_top
Warning: Detected loop at \crc_result [16] in axi_crc_top
Warning: Detected loop at \crc_result [17] in axi_crc_top
Warning: Detected loop at \crc_result [18] in axi_crc_top
Warning: Detected loop at \crc_result [19] in axi_crc_top
Warning: Detected loop at \crc_result [20] in axi_crc_top
Warning: Detected loop at \crc_result [21] in axi_crc_top
Warning: Detected loop at \crc_result [22] in axi_crc_top
Warning: Detected loop at \crc_result [23] in axi_crc_top
Warning: Detected loop at \crc_result [24] in axi_crc_top
Warning: Detected loop at \crc_result [25] in axi_crc_top
Warning: Detected loop at \crc_result [26] in axi_crc_top
Warning: Detected loop at \crc_result [27] in axi_crc_top
Warning: Detected loop at \crc_result [28] in axi_crc_top
Warning: Detected loop at \crc_result [29] in axi_crc_top
Warning: Detected loop at \crc_result [30] in axi_crc_top
Warning: Detected loop at \crc_result [31] in axi_crc_top
Warning: Detected loop at \crc_result [0] in axi_crc_top
Warning: Detected loop at \crc_result [1] in axi_crc_top
Warning: Detected loop at \crc_result [2] in axi_crc_top
Warning: Detected loop at \crc_result [3] in axi_crc_top
Warning: Detected loop at \crc_result [4] in axi_crc_top
Warning: Detected loop at \crc_result [5] in axi_crc_top
Warning: Detected loop at \crc_result [6] in axi_crc_top
Warning: Detected loop at \crc_result [7] in axi_crc_top
Warning: Detected loop at \crc_result [8] in axi_crc_top
Warning: Detected loop at \crc_result [9] in axi_crc_top
Warning: Detected loop at \crc_result [10] in axi_crc_top
Warning: Detected loop at \crc_result [11] in axi_crc_top
Warning: Detected loop at \crc_result [12] in axi_crc_top
Warning: Detected loop at \crc_result [13] in axi_crc_top
Warning: Detected loop at \crc_result [14] in axi_crc_top
Warning: Detected loop at \crc_result [15] in axi_crc_top
Warning: Detected loop at \crc_result [16] in axi_crc_top
Warning: Detected loop at \crc_result [17] in axi_crc_top
Warning: Detected loop at \crc_result [18] in axi_crc_top
Warning: Detected loop at \crc_result [19] in axi_crc_top
Warning: Detected loop at \crc_result [20] in axi_crc_top
Warning: Detected loop at \crc_result [21] in axi_crc_top
Warning: Detected loop at \crc_result [22] in axi_crc_top
Warning: Detected loop at \crc_result [23] in axi_crc_top
Warning: Detected loop at \crc_result [24] in axi_crc_top
Warning: Detected loop at \crc_result [25] in axi_crc_top
Warning: Detected loop at \crc_result [26] in axi_crc_top
Warning: Detected loop at \crc_result [27] in axi_crc_top
Warning: Detected loop at \crc_result [28] in axi_crc_top
Warning: Detected loop at \crc_result [29] in axi_crc_top
Warning: Detected loop at \crc_result [30] in axi_crc_top
Warning: Detected loop at \crc_result [31] in axi_crc_top
Warning: Detected loop at \crc_result [0] in axi_crc_top
Warning: Detected loop at \crc_result [1] in axi_crc_top
Warning: Detected loop at \crc_result [2] in axi_crc_top
Warning: Detected loop at \crc_result [3] in axi_crc_top
Warning: Detected loop at \crc_result [4] in axi_crc_top
Warning: Detected loop at \crc_result [5] in axi_crc_top
Warning: Detected loop at \crc_result [6] in axi_crc_top
Warning: Detected loop at \crc_result [7] in axi_crc_top
Warning: Detected loop at \crc_result [8] in axi_crc_top
Warning: Detected loop at \crc_result [9] in axi_crc_top
Warning: Detected loop at \crc_result [10] in axi_crc_top
Warning: Detected loop at \crc_result [11] in axi_crc_top
Warning: Detected loop at \crc_result [12] in axi_crc_top
Warning: Detected loop at \crc_result [13] in axi_crc_top
Warning: Detected loop at \crc_result [14] in axi_crc_top
Warning: Detected loop at \crc_result [15] in axi_crc_top
Warning: Detected loop at \crc_result [16] in axi_crc_top
Warning: Detected loop at \crc_result [17] in axi_crc_top
Warning: Detected loop at \crc_result [18] in axi_crc_top
Warning: Detected loop at \crc_result [19] in axi_crc_top
Warning: Detected loop at \crc_result [20] in axi_crc_top
Warning: Detected loop at \crc_result [21] in axi_crc_top
Warning: Detected loop at \crc_result [22] in axi_crc_top
Warning: Detected loop at \crc_result [23] in axi_crc_top
Warning: Detected loop at \crc_result [24] in axi_crc_top
Warning: Detected loop at \crc_result [25] in axi_crc_top
Warning: Detected loop at \crc_result [26] in axi_crc_top
Warning: Detected loop at \crc_result [27] in axi_crc_top
Warning: Detected loop at \crc_result [28] in axi_crc_top
Warning: Detected loop at \crc_result [29] in axi_crc_top
Warning: Detected loop at \crc_result [30] in axi_crc_top
Warning: Detected loop at \crc_result [31] in axi_crc_top
Warning: Detected loop at \crc_result [0] in axi_crc_top
Warning: Detected loop at \crc_result [1] in axi_crc_top
Warning: Detected loop at \crc_result [2] in axi_crc_top
Warning: Detected loop at \crc_result [3] in axi_crc_top
Warning: Detected loop at \crc_result [4] in axi_crc_top
Warning: Detected loop at \crc_result [5] in axi_crc_top
Warning: Detected loop at \crc_result [6] in axi_crc_top
Warning: Detected loop at \crc_result [7] in axi_crc_top
Warning: Detected loop at \crc_result [8] in axi_crc_top
Warning: Detected loop at \crc_result [9] in axi_crc_top
Warning: Detected loop at \crc_result [10] in axi_crc_top
Warning: Detected loop at \crc_result [11] in axi_crc_top
Warning: Detected loop at \crc_result [12] in axi_crc_top
Warning: Detected loop at \crc_result [13] in axi_crc_top
Warning: Detected loop at \crc_result [14] in axi_crc_top
Warning: Detected loop at \crc_result [15] in axi_crc_top
Warning: Detected loop at \crc_result [16] in axi_crc_top
Warning: Detected loop at \crc_result [17] in axi_crc_top
Warning: Detected loop at \crc_result [18] in axi_crc_top
Warning: Detected loop at \crc_result [19] in axi_crc_top
Warning: Detected loop at \crc_result [20] in axi_crc_top
Warning: Detected loop at \crc_result [21] in axi_crc_top
Warning: Detected loop at \crc_result [22] in axi_crc_top
Warning: Detected loop at \crc_result [23] in axi_crc_top
Warning: Detected loop at \crc_result [24] in axi_crc_top
Warning: Detected loop at \crc_result [25] in axi_crc_top
Warning: Detected loop at \crc_result [26] in axi_crc_top
Warning: Detected loop at \crc_result [27] in axi_crc_top
Warning: Detected loop at \crc_result [28] in axi_crc_top
Warning: Detected loop at \crc_result [29] in axi_crc_top
Warning: Detected loop at \crc_result [30] in axi_crc_top
Warning: Detected loop at \crc_result [31] in axi_crc_top
Warning: Detected loop at \crc_result [0] in axi_crc_top
Warning: Detected loop at \crc_result [1] in axi_crc_top
Warning: Detected loop at \crc_result [2] in axi_crc_top
Warning: Detected loop at \crc_result [3] in axi_crc_top
Warning: Detected loop at \crc_result [4] in axi_crc_top
Warning: Detected loop at \crc_result [5] in axi_crc_top
Warning: Detected loop at \crc_result [6] in axi_crc_top
Warning: Detected loop at \crc_result [7] in axi_crc_top
Warning: Detected loop at \crc_result [8] in axi_crc_top
Warning: Detected loop at \crc_result [9] in axi_crc_top
Warning: Detected loop at \crc_result [10] in axi_crc_top
Warning: Detected loop at \crc_result [11] in axi_crc_top
Warning: Detected loop at \crc_result [12] in axi_crc_top
Warning: Detected loop at \crc_result [13] in axi_crc_top
Warning: Detected loop at \crc_result [14] in axi_crc_top
Warning: Detected loop at \crc_result [15] in axi_crc_top
Warning: Detected loop at \crc_result [16] in axi_crc_top
Warning: Detected loop at \crc_result [17] in axi_crc_top
Warning: Detected loop at \crc_result [18] in axi_crc_top
Warning: Detected loop at \crc_result [19] in axi_crc_top
Warning: Detected loop at \crc_result [20] in axi_crc_top
Warning: Detected loop at \crc_result [21] in axi_crc_top
Warning: Detected loop at \crc_result [22] in axi_crc_top
Warning: Detected loop at \crc_result [23] in axi_crc_top
Warning: Detected loop at \crc_result [24] in axi_crc_top
Warning: Detected loop at \crc_result [25] in axi_crc_top
Warning: Detected loop at \crc_result [26] in axi_crc_top
Warning: Detected loop at \crc_result [27] in axi_crc_top
Warning: Detected loop at \crc_result [28] in axi_crc_top
Warning: Detected loop at \crc_result [29] in axi_crc_top
Warning: Detected loop at \crc_result [30] in axi_crc_top
Warning: Detected loop at \crc_result [31] in axi_crc_top
Warning: Detected loop at \crc_result [0] in axi_crc_top
Warning: Detected loop at \crc_result [1] in axi_crc_top
Warning: Detected loop at \crc_result [2] in axi_crc_top
Warning: Detected loop at \crc_result [3] in axi_crc_top
Warning: Detected loop at \crc_result [4] in axi_crc_top
Warning: Detected loop at \crc_result [5] in axi_crc_top
Warning: Detected loop at \crc_result [6] in axi_crc_top
Warning: Detected loop at \crc_result [7] in axi_crc_top
Warning: Detected loop at \crc_result [8] in axi_crc_top
Warning: Detected loop at \crc_result [9] in axi_crc_top
Warning: Detected loop at \crc_result [10] in axi_crc_top
Warning: Detected loop at \crc_result [11] in axi_crc_top
Warning: Detected loop at \crc_result [12] in axi_crc_top
Warning: Detected loop at \crc_result [13] in axi_crc_top
Warning: Detected loop at \crc_result [14] in axi_crc_top
Warning: Detected loop at \crc_result [15] in axi_crc_top
Warning: Detected loop at \crc_result [16] in axi_crc_top
Warning: Detected loop at \crc_result [17] in axi_crc_top
Warning: Detected loop at \crc_result [18] in axi_crc_top
Warning: Detected loop at \crc_result [19] in axi_crc_top
Warning: Detected loop at \crc_result [20] in axi_crc_top
Warning: Detected loop at \crc_result [21] in axi_crc_top
Warning: Detected loop at \crc_result [22] in axi_crc_top
Warning: Detected loop at \crc_result [23] in axi_crc_top
Warning: Detected loop at \crc_result [24] in axi_crc_top
Warning: Detected loop at \crc_result [25] in axi_crc_top
Warning: Detected loop at \crc_result [26] in axi_crc_top
Warning: Detected loop at \crc_result [27] in axi_crc_top
Warning: Detected loop at \crc_result [28] in axi_crc_top
Warning: Detected loop at \crc_result [29] in axi_crc_top
Warning: Detected loop at \crc_result [30] in axi_crc_top
Warning: Detected loop at \crc_result [31] in axi_crc_top
Warning: Detected loop at \crc_result [0] in axi_crc_top
Warning: Detected loop at \crc_result [1] in axi_crc_top
Warning: Detected loop at \crc_result [2] in axi_crc_top
Warning: Detected loop at \crc_result [3] in axi_crc_top
Warning: Detected loop at \crc_result [4] in axi_crc_top
Warning: Detected loop at \crc_result [5] in axi_crc_top
Warning: Detected loop at \crc_result [6] in axi_crc_top
Warning: Detected loop at \crc_result [7] in axi_crc_top
Warning: Detected loop at \crc_result [8] in axi_crc_top
Warning: Detected loop at \crc_result [9] in axi_crc_top
Warning: Detected loop at \crc_result [10] in axi_crc_top
Warning: Detected loop at \crc_result [11] in axi_crc_top
Warning: Detected loop at \crc_result [12] in axi_crc_top
Warning: Detected loop at \crc_result [13] in axi_crc_top
Warning: Detected loop at \crc_result [14] in axi_crc_top
Warning: Detected loop at \crc_result [15] in axi_crc_top
Warning: Detected loop at \crc_result [16] in axi_crc_top
Warning: Detected loop at \crc_result [17] in axi_crc_top
Warning: Detected loop at \crc_result [18] in axi_crc_top
Warning: Detected loop at \crc_result [19] in axi_crc_top
Warning: Detected loop at \crc_result [20] in axi_crc_top
Warning: Detected loop at \crc_result [21] in axi_crc_top
Warning: Detected loop at \crc_result [22] in axi_crc_top
Warning: Detected loop at \crc_result [23] in axi_crc_top
Warning: Detected loop at \crc_result [24] in axi_crc_top
Warning: Detected loop at \crc_result [25] in axi_crc_top
Warning: Detected loop at \crc_result [26] in axi_crc_top
Warning: Detected loop at \crc_result [27] in axi_crc_top
Warning: Detected loop at \crc_result [28] in axi_crc_top
Warning: Detected loop at \crc_result [29] in axi_crc_top
Warning: Detected loop at \crc_result [30] in axi_crc_top
Warning: Detected loop at \crc_result [31] in axi_crc_top
Warning: Detected loop at \crc_result [0] in axi_crc_top
Warning: Detected loop at \crc_result [1] in axi_crc_top
Warning: Detected loop at \crc_result [2] in axi_crc_top
Warning: Detected loop at \crc_result [3] in axi_crc_top
Warning: Detected loop at \crc_result [4] in axi_crc_top
Warning: Detected loop at \crc_result [5] in axi_crc_top
Warning: Detected loop at \crc_result [6] in axi_crc_top
Warning: Detected loop at \crc_result [7] in axi_crc_top
Warning: Detected loop at \crc_result [8] in axi_crc_top
Warning: Detected loop at \crc_result [9] in axi_crc_top
Warning: Detected loop at \crc_result [10] in axi_crc_top
Warning: Detected loop at \crc_result [11] in axi_crc_top
Warning: Detected loop at \crc_result [12] in axi_crc_top
Warning: Detected loop at \crc_result [13] in axi_crc_top
Warning: Detected loop at \crc_result [14] in axi_crc_top
Warning: Detected loop at \crc_result [15] in axi_crc_top
Warning: Detected loop at \crc_result [16] in axi_crc_top
Warning: Detected loop at \crc_result [17] in axi_crc_top
Warning: Detected loop at \crc_result [18] in axi_crc_top
Warning: Detected loop at \crc_result [19] in axi_crc_top
Warning: Detected loop at \crc_result [20] in axi_crc_top
Warning: Detected loop at \crc_result [21] in axi_crc_top
Warning: Detected loop at \crc_result [22] in axi_crc_top
Warning: Detected loop at \crc_result [23] in axi_crc_top
Warning: Detected loop at \crc_result [24] in axi_crc_top
Warning: Detected loop at \crc_result [25] in axi_crc_top
Warning: Detected loop at \crc_result [26] in axi_crc_top
Warning: Detected loop at \crc_result [27] in axi_crc_top
Warning: Detected loop at \crc_result [28] in axi_crc_top
Warning: Detected loop at \crc_result [29] in axi_crc_top
Warning: Detected loop at \crc_result [30] in axi_crc_top
Warning: Detected loop at \crc_result [31] in axi_crc_top
Warning: Detected loop at \crc_result [0] in axi_crc_top
Warning: Detected loop at \crc_result [1] in axi_crc_top
Warning: Detected loop at \crc_result [2] in axi_crc_top
Warning: Detected loop at \crc_result [3] in axi_crc_top
Warning: Detected loop at \crc_result [4] in axi_crc_top
Warning: Detected loop at \crc_result [5] in axi_crc_top
Warning: Detected loop at \crc_result [6] in axi_crc_top
Warning: Detected loop at \crc_result [7] in axi_crc_top
Warning: Detected loop at \crc_result [8] in axi_crc_top
Warning: Detected loop at \crc_result [9] in axi_crc_top
Warning: Detected loop at \crc_result [10] in axi_crc_top
Warning: Detected loop at \crc_result [11] in axi_crc_top
Warning: Detected loop at \crc_result [12] in axi_crc_top
Warning: Detected loop at \crc_result [13] in axi_crc_top
Warning: Detected loop at \crc_result [14] in axi_crc_top
Warning: Detected loop at \crc_result [15] in axi_crc_top
Warning: Detected loop at \crc_result [16] in axi_crc_top
Warning: Detected loop at \crc_result [17] in axi_crc_top
Warning: Detected loop at \crc_result [18] in axi_crc_top
Warning: Detected loop at \crc_result [19] in axi_crc_top
Warning: Detected loop at \crc_result [20] in axi_crc_top
Warning: Detected loop at \crc_result [21] in axi_crc_top
Warning: Detected loop at \crc_result [22] in axi_crc_top
Warning: Detected loop at \crc_result [23] in axi_crc_top
Warning: Detected loop at \crc_result [24] in axi_crc_top
Warning: Detected loop at \crc_result [25] in axi_crc_top
Warning: Detected loop at \crc_result [26] in axi_crc_top
Warning: Detected loop at \crc_result [27] in axi_crc_top
Warning: Detected loop at \crc_result [28] in axi_crc_top
Warning: Detected loop at \crc_result [29] in axi_crc_top
Warning: Detected loop at \crc_result [30] in axi_crc_top
Warning: Detected loop at \crc_result [31] in axi_crc_top
Warning: Detected loop at \crc_result [0] in axi_crc_top
Warning: Detected loop at \crc_result [1] in axi_crc_top
Warning: Detected loop at \crc_result [2] in axi_crc_top
Warning: Detected loop at \crc_result [3] in axi_crc_top
Warning: Detected loop at \crc_result [4] in axi_crc_top
Warning: Detected loop at \crc_result [5] in axi_crc_top
Warning: Detected loop at \crc_result [6] in axi_crc_top
Warning: Detected loop at \crc_result [7] in axi_crc_top
Warning: Detected loop at \crc_result [8] in axi_crc_top
Warning: Detected loop at \crc_result [9] in axi_crc_top
Warning: Detected loop at \crc_result [10] in axi_crc_top
Warning: Detected loop at \crc_result [11] in axi_crc_top
Warning: Detected loop at \crc_result [12] in axi_crc_top
Warning: Detected loop at \crc_result [13] in axi_crc_top
Warning: Detected loop at \crc_result [14] in axi_crc_top
Warning: Detected loop at \crc_result [15] in axi_crc_top
Warning: Detected loop at \crc_result [16] in axi_crc_top
Warning: Detected loop at \crc_result [17] in axi_crc_top
Warning: Detected loop at \crc_result [18] in axi_crc_top
Warning: Detected loop at \crc_result [19] in axi_crc_top
Warning: Detected loop at \crc_result [20] in axi_crc_top
Warning: Detected loop at \crc_result [21] in axi_crc_top
Warning: Detected loop at \crc_result [22] in axi_crc_top
Warning: Detected loop at \crc_result [23] in axi_crc_top
Warning: Detected loop at \crc_result [24] in axi_crc_top
Warning: Detected loop at \crc_result [25] in axi_crc_top
Warning: Detected loop at \crc_result [26] in axi_crc_top
Warning: Detected loop at \crc_result [27] in axi_crc_top
Warning: Detected loop at \crc_result [28] in axi_crc_top
Warning: Detected loop at \crc_result [29] in axi_crc_top
Warning: Detected loop at \crc_result [30] in axi_crc_top
Warning: Detected loop at \crc_result [31] in axi_crc_top
Warning: Detected loop at \crc_result [0] in axi_crc_top
Warning: Detected loop at \crc_result [1] in axi_crc_top
Warning: Detected loop at \crc_result [2] in axi_crc_top
Warning: Detected loop at \crc_result [3] in axi_crc_top
Warning: Detected loop at \crc_result [4] in axi_crc_top
Warning: Detected loop at \crc_result [5] in axi_crc_top
Warning: Detected loop at \crc_result [6] in axi_crc_top
Warning: Detected loop at \crc_result [7] in axi_crc_top
Warning: Detected loop at \crc_result [8] in axi_crc_top
Warning: Detected loop at \crc_result [9] in axi_crc_top
Warning: Detected loop at \crc_result [10] in axi_crc_top
Warning: Detected loop at \crc_result [11] in axi_crc_top
Warning: Detected loop at \crc_result [12] in axi_crc_top
Warning: Detected loop at \crc_result [13] in axi_crc_top
Warning: Detected loop at \crc_result [14] in axi_crc_top
Warning: Detected loop at \crc_result [15] in axi_crc_top
Warning: Detected loop at \crc_result [16] in axi_crc_top
Warning: Detected loop at \crc_result [17] in axi_crc_top
Warning: Detected loop at \crc_result [18] in axi_crc_top
Warning: Detected loop at \crc_result [19] in axi_crc_top
Warning: Detected loop at \crc_result [20] in axi_crc_top
Warning: Detected loop at \crc_result [21] in axi_crc_top
Warning: Detected loop at \crc_result [22] in axi_crc_top
Warning: Detected loop at \crc_result [23] in axi_crc_top
Warning: Detected loop at \crc_result [24] in axi_crc_top
Warning: Detected loop at \crc_result [25] in axi_crc_top
Warning: Detected loop at \crc_result [26] in axi_crc_top
Warning: Detected loop at \crc_result [27] in axi_crc_top
Warning: Detected loop at \crc_result [28] in axi_crc_top
Warning: Detected loop at \crc_result [29] in axi_crc_top
Warning: Detected loop at \crc_result [30] in axi_crc_top
Warning: Detected loop at \crc_result [31] in axi_crc_top
Warning: Detected loop at \crc_result [0] in axi_crc_top
Warning: Detected loop at \crc_result [1] in axi_crc_top
Warning: Detected loop at \crc_result [2] in axi_crc_top
Warning: Detected loop at \crc_result [3] in axi_crc_top
Warning: Detected loop at \crc_result [4] in axi_crc_top
Warning: Detected loop at \crc_result [5] in axi_crc_top
Warning: Detected loop at \crc_result [6] in axi_crc_top
Warning: Detected loop at \crc_result [7] in axi_crc_top
Warning: Detected loop at \crc_result [8] in axi_crc_top
Warning: Detected loop at \crc_result [9] in axi_crc_top
Warning: Detected loop at \crc_result [10] in axi_crc_top
Warning: Detected loop at \crc_result [11] in axi_crc_top
Warning: Detected loop at \crc_result [12] in axi_crc_top
Warning: Detected loop at \crc_result [13] in axi_crc_top
Warning: Detected loop at \crc_result [14] in axi_crc_top
Warning: Detected loop at \crc_result [15] in axi_crc_top
Warning: Detected loop at \crc_result [16] in axi_crc_top
Warning: Detected loop at \crc_result [17] in axi_crc_top
Warning: Detected loop at \crc_result [18] in axi_crc_top
Warning: Detected loop at \crc_result [19] in axi_crc_top
Warning: Detected loop at \crc_result [20] in axi_crc_top
Warning: Detected loop at \crc_result [21] in axi_crc_top
Warning: Detected loop at \crc_result [22] in axi_crc_top
Warning: Detected loop at \crc_result [23] in axi_crc_top
Warning: Detected loop at \crc_result [24] in axi_crc_top
Warning: Detected loop at \crc_result [25] in axi_crc_top
Warning: Detected loop at \crc_result [26] in axi_crc_top
Warning: Detected loop at \crc_result [27] in axi_crc_top
Warning: Detected loop at \crc_result [28] in axi_crc_top
Warning: Detected loop at \crc_result [29] in axi_crc_top
Warning: Detected loop at \crc_result [30] in axi_crc_top
Warning: Detected loop at \crc_result [31] in axi_crc_top

Longest topological path in axi_crc_top (length=65):
    0: \s_wvalid
    1: \crc_data [0] (via Slave0)
    2: \crc_result [0] (via CRC)
    3: \crc_data [1] (via Slave0)
    4: \crc_result [1] (via CRC)
    5: \crc_data [2] (via Slave0)
    6: \crc_result [2] (via CRC)
    7: \crc_data [3] (via Slave0)
    8: \crc_result [3] (via CRC)
    9: \crc_data [4] (via Slave0)
   10: \crc_result [4] (via CRC)
   11: \crc_data [5] (via Slave0)
   12: \crc_result [5] (via CRC)
   13: \crc_data [6] (via Slave0)
   14: \crc_result [6] (via CRC)
   15: \crc_data [7] (via Slave0)
   16: \crc_result [7] (via CRC)
   17: \crc_data [8] (via Slave0)
   18: \crc_result [8] (via CRC)
   19: \crc_data [9] (via Slave0)
   20: \crc_result [9] (via CRC)
   21: \crc_data [10] (via Slave0)
   22: \crc_result [10] (via CRC)
   23: \crc_data [11] (via Slave0)
   24: \crc_result [11] (via CRC)
   25: \crc_data [12] (via Slave0)
   26: \crc_result [12] (via CRC)
   27: \crc_data [13] (via Slave0)
   28: \crc_result [13] (via CRC)
   29: \crc_data [14] (via Slave0)
   30: \crc_result [14] (via CRC)
   31: \crc_data [15] (via Slave0)
   32: \crc_result [15] (via CRC)
   33: \crc_data [16] (via Slave0)
   34: \crc_result [16] (via CRC)
   35: \crc_data [17] (via Slave0)
   36: \crc_result [17] (via CRC)
   37: \crc_data [18] (via Slave0)
   38: \crc_result [18] (via CRC)
   39: \crc_data [19] (via Slave0)
   40: \crc_result [19] (via CRC)
   41: \crc_data [20] (via Slave0)
   42: \crc_result [20] (via CRC)
   43: \crc_data [21] (via Slave0)
   44: \crc_result [21] (via CRC)
   45: \crc_data [22] (via Slave0)
   46: \crc_result [22] (via CRC)
   47: \crc_data [23] (via Slave0)
   48: \crc_result [23] (via CRC)
   49: \crc_data [24] (via Slave0)
   50: \crc_result [24] (via CRC)
   51: \crc_data [25] (via Slave0)
   52: \crc_result [25] (via CRC)
   53: \crc_data [26] (via Slave0)
   54: \crc_result [26] (via CRC)
   55: \crc_data [27] (via Slave0)
   56: \crc_result [27] (via CRC)
   57: \crc_data [28] (via Slave0)
   58: \crc_result [28] (via CRC)
   59: \crc_data [29] (via Slave0)
   60: \crc_result [29] (via CRC)
   61: \crc_data [30] (via Slave0)
   62: \crc_result [30] (via CRC)
   63: \crc_data [31] (via Slave0)
   64: \crc_result [31] (via CRC)
   65: \crc_initial [0] (via Slave0)

7. Printing statistics.

=== $paramod\axi_lite_slave\ADDR_WIDTH=8\DATA_WIDTH=32 ===

   Number of wires:                490
   Number of wire bits:            908
   Number of public wires:          30
   Number of public wire bits:     308
   Number of memories:               0
   Number of memory bits:            0
   Number of processes:              0
   Number of cells:                757
     $_ANDNOT_                      15
     $_AND_                          5
     $_AOI3_                        32
     $_AOI4_                        32
     $_DFF_PN0_                     60
     $_DFF_P_                       97
     $_MUX_                        221
     $_NAND_                         2
     $_NOR_                          6
     $_NOT_                         97
     $_OAI3_                         1
     $_OAI4_                        64
     $_ORNOT_                        9
     $_OR_                         116

=== $paramod\crc_engine\ADDR_WIDTH=8\DATA_WIDTH=32 ===

   Number of wires:                816
   Number of wire bits:            909
   Number of public wires:           3
   Number of public wire bits:      96
   Number of memories:               0
   Number of memory bits:            0
   Number of processes:              0
   Number of cells:                845
     $_NOT_                          6
     $_XNOR_                        12
     $_XOR_                        827

=== axi_crc_top ===

   Number of wires:                 21
   Number of wire bits:            192
   Number of public wires:          21
   Number of public wire bits:     192
   Number of memories:               0
   Number of memory bits:            0
   Number of processes:              0
   Number of cells:                  2
     $paramod\axi_lite_slave\ADDR_WIDTH=8\DATA_WIDTH=32      1
     $paramod\crc_engine\ADDR_WIDTH=8\DATA_WIDTH=32      1

=== design hierarchy ===

   axi_crc_top                       1
     $paramod\axi_lite_slave\ADDR_WIDTH=8\DATA_WIDTH=32      1
     $paramod\crc_engine\ADDR_WIDTH=8\DATA_WIDTH=32      1

   Number of wires:               1327
   Number of wire bits:           2009
   Number of public wires:          54
   Number of public wire bits:     596
   Number of memories:               0
   Number of memory bits:            0
   Number of processes:              0
   Number of cells:               1602
     $_ANDNOT_                      15
     $_AND_                          5
     $_AOI3_                        32
     $_AOI4_                        32
     $_DFF_PN0_                     60
     $_DFF_P_                       97
     $_MUX_                        221
     $_NAND_                         2
     $_NOR_                          6
     $_NOT_                        103
     $_OAI3_                         1
     $_OAI4_                        64
     $_ORNOT_                        9
     $_OR_                         116
     $_XNOR_                        12
     $_XOR_                        827

8. Executing Verilog backend.
Dumping module `$paramod\axi_lite_slave\ADDR_WIDTH=8\DATA_WIDTH=32'.
Dumping module `$paramod\crc_engine\ADDR_WIDTH=8\DATA_WIDTH=32'.
Dumping module `\axi_crc_top'.

Warnings: 300 unique messages, 2916 total
End of script. Logfile hash: 1e9b3b0c90
CPU: user 0.70s system 0.02s, MEM: 24.25 MB total, 18.38 MB resident
Yosys 0.9 (git sha1 1979e0b)
Time spent: 20% 15x opt_clean (0 sec), 15% 12x opt_merge (0 sec), ...
